-- ============================================================
--  CRIME MANAGEMENT SYSTEM — EXPANDED DATASET (v2)
--  Compatible with: nwopes/DBMS-Project (crime_db)
--  Run AFTER schema.sql and migration.sql:
--    mysql -u root -p crime_db < data_expanded.sql
--
--  Counts:
--    Location        : 50
--    Person          : 80
--    Police_Station  : 25
--    Police_Officer  : 50
--    Crime           : 120
--    Case_File       : 120
--    FIR             : 120
--    Evidence        : 150
--    Court_Case      : 80
--    Crime_Person    : 177
--    Case_Officer    : 160
--    Audit_Log       : 20
-- ============================================================

SET FOREIGN_KEY_CHECKS = 0;

TRUNCATE TABLE Audit_Log;
TRUNCATE TABLE Evidence_File;
TRUNCATE TABLE Case_Officer;
TRUNCATE TABLE Crime_Person;
TRUNCATE TABLE Evidence;
TRUNCATE TABLE Court_Case;
TRUNCATE TABLE FIR;
TRUNCATE TABLE Case_File;
TRUNCATE TABLE Crime;
TRUNCATE TABLE Police_Officer;
TRUNCATE TABLE Police_Station;
TRUNCATE TABLE Person;
TRUNCATE TABLE Location;

SET FOREIGN_KEY_CHECKS = 1;

DROP TRIGGER IF EXISTS after_crime_insert;

-- ============================================================
-- 1. LOCATION  (50 rows)
-- ============================================================
INSERT INTO Location (location_id, address, city, state, pincode) VALUES
-- Delhi (1-4)
(1,  '14, MG Road',               'Delhi',       'Delhi',             '110001'),
(2,  '22, Nehru Nagar',           'Delhi',       'Delhi',             '110018'),
(3,  '4, Rajouri Garden',         'Delhi',       'Delhi',             '110027'),
(4,  '88, Dwarka Sector 12',      'Delhi',       'Delhi',             '110078'),
-- Mumbai (5-8)
(5,  '5, Civil Lines',            'Mumbai',      'Maharashtra',       '400001'),
(6,  '88, Andheri West',          'Mumbai',      'Maharashtra',       '400058'),
(7,  '55, Powai',                 'Mumbai',      'Maharashtra',       '400076'),
(8,  '12, Bandra Kurla Complex',  'Mumbai',      'Maharashtra',       '400051'),
-- Bengaluru (9-12)
(9,  '3, Brigade Road',           'Bengaluru',   'Karnataka',         '560001'),
(10, '17, Koramangala',           'Bengaluru',   'Karnataka',         '560034'),
(11, '8, Whitefield',             'Bengaluru',   'Karnataka',         '560066'),
(12, '25, Indiranagar',           'Bengaluru',   'Karnataka',         '560038'),
-- Kolkata (13-15)
(13, '9, Park Street',            'Kolkata',     'West Bengal',       '700016'),
(14, '33, Salt Lake Sector V',    'Kolkata',     'West Bengal',       '700091'),
(15, '7, Esplanade',              'Kolkata',     'West Bengal',       '700001'),
-- Chennai (16-18)
(16, '7, Anna Salai',             'Chennai',     'Tamil Nadu',        '600002'),
(17, '45, T. Nagar',              'Chennai',     'Tamil Nadu',        '600017'),
(18, '31, Alwarpet',              'Chennai',     'Tamil Nadu',        '600018'),
-- Lucknow (19-21)
(19, '2, Hazratganj',             'Lucknow',     'Uttar Pradesh',     '226001'),
(20, '60, Gomti Nagar',           'Lucknow',     'Uttar Pradesh',     '226010'),
(21, '6, Hussainabad',            'Lucknow',     'Uttar Pradesh',     '226003'),
-- Hyderabad (22-24)
(22, '11, Banjara Hills',         'Hyderabad',   'Telangana',         '500034'),
(23, '78, Secunderabad',          'Hyderabad',   'Telangana',         '500003'),
(24, '44, HITEC City',            'Hyderabad',   'Telangana',         '500081'),
-- Chandigarh (25-26)
(25, '19, Sector 17',             'Chandigarh',  'Punjab',            '160017'),
(26, '10, Sector 22',             'Chandigarh',  'Punjab',            '160022'),
-- Pune (27-29)
(27, '5, Shivaji Nagar',          'Pune',        'Maharashtra',       '411005'),
(28, '33, Kothrud',               'Pune',        'Maharashtra',       '411038'),
(29, '18, Wakad',                 'Pune',        'Maharashtra',       '411057'),
-- Ahmedabad (30-32)
(30, '88, Satellite',             'Ahmedabad',   'Gujarat',           '380015'),
(31, '21, Navrangpura',           'Ahmedabad',   'Gujarat',           '380009'),
(32, '60, Vastrapur',             'Ahmedabad',   'Gujarat',           '380054'),
-- Jaipur (33-34)
(33, '4, MI Road',                'Jaipur',      'Rajasthan',         '302001'),
(34, '18, Malviya Nagar',         'Jaipur',      'Rajasthan',         '302017'),
-- Bhopal (35-36)
(35, '7, MP Nagar',               'Bhopal',      'Madhya Pradesh',    '462011'),
(36, '22, Arera Colony',          'Bhopal',      'Madhya Pradesh',    '462016'),
-- Patna (37-38)
(37, '3, Gandhi Maidan',          'Patna',       'Bihar',             '800001'),
(38, '55, Boring Road',           'Patna',       'Bihar',             '800001'),
-- Nagpur (39-40)
(39, '14, Sitabuldi',             'Nagpur',      'Maharashtra',       '440012'),
(40, '9, Dharampeth',             'Nagpur',      'Maharashtra',       '440010'),
-- Kochi (41-42)
(41, '33, MG Road',               'Kochi',       'Kerala',            '682016'),
(42, '7, Ernakulam South',        'Kochi',       'Kerala',            '682011'),
-- Indore (43-44)
(43, '5, Vijay Nagar',            'Indore',      'Madhya Pradesh',    '452010'),
(44, '19, Palasia',               'Indore',      'Madhya Pradesh',    '452001'),
-- Surat (45-46)
(45, '11, Ring Road',             'Surat',       'Gujarat',           '395002'),
(46, '44, Adajan',                'Surat',       'Gujarat',           '395009'),
-- Visakhapatnam (47-48)
(47, '6, Beach Road',             'Visakhapatnam','Andhra Pradesh',   '530001'),
(48, '27, MVP Colony',            'Visakhapatnam','Andhra Pradesh',   '530017'),
-- Coimbatore (49-50)
(49, '3, RS Puram',               'Coimbatore',  'Tamil Nadu',        '641002'),
(50, '18, Gandhipuram',           'Coimbatore',  'Tamil Nadu',        '641012');

UPDATE Location SET latitude = 28.613900, longitude = 77.209000 WHERE location_id IN (1, 2, 3, 4);
UPDATE Location SET latitude = 19.076000, longitude = 72.877700 WHERE location_id IN (5, 6, 7, 8);
UPDATE Location SET latitude = 12.971600, longitude = 77.594600 WHERE location_id IN (9, 10, 11, 12);
UPDATE Location SET latitude = 22.572600, longitude = 88.363900 WHERE location_id IN (13, 14, 15);
UPDATE Location SET latitude = 13.082700, longitude = 80.270700 WHERE location_id IN (16, 17, 18);
UPDATE Location SET latitude = 26.846700, longitude = 80.946200 WHERE location_id IN (19, 20, 21);
UPDATE Location SET latitude = 17.385000, longitude = 78.486700 WHERE location_id IN (22, 23, 24);
UPDATE Location SET latitude = 30.733300, longitude = 76.779400 WHERE location_id IN (25, 26);
UPDATE Location SET latitude = 18.520400, longitude = 73.856700 WHERE location_id IN (27, 28, 29);
UPDATE Location SET latitude = 23.022500, longitude = 72.571400 WHERE location_id IN (30, 31, 32);
UPDATE Location SET latitude = 26.912400, longitude = 75.787300 WHERE location_id IN (33, 34);
UPDATE Location SET latitude = 23.259900, longitude = 77.412600 WHERE location_id IN (35, 36);
UPDATE Location SET latitude = 25.594100, longitude = 85.137600 WHERE location_id IN (37, 38);
UPDATE Location SET latitude = 21.145800, longitude = 79.088200 WHERE location_id IN (39, 40);
UPDATE Location SET latitude = 9.931200, longitude = 76.267300 WHERE location_id IN (41, 42);
UPDATE Location SET latitude = 22.719600, longitude = 75.857700 WHERE location_id IN (43, 44);
UPDATE Location SET latitude = 21.170200, longitude = 72.831100 WHERE location_id IN (45, 46);
UPDATE Location SET latitude = 17.686800, longitude = 83.218500 WHERE location_id IN (47, 48);
UPDATE Location SET latitude = 11.016800, longitude = 76.955800 WHERE location_id IN (49, 50);

-- ============================================================
-- 2. PERSON  (80 rows)
-- ============================================================
INSERT INTO Person (person_id, name, age, gender, phone_number, address) VALUES
(1,  'Ravi Kumar',        34, 'Male',   '9810001001', '14-A, Karol Bagh, Delhi'),
(2,  'Priya Sharma',      28, 'Female', '9820002002', '22, Andheri West, Mumbai'),
(3,  'Mohan Das',         45, 'Male',   '9830003003', '5, Shivaji Nagar, Pune'),
(4,  'Sunita Rao',        31, 'Female', '9840004004', '9, Jayanagar, Bengaluru'),
(5,  'Amit Singh',        22, 'Male',   '9850005005', '3, Gomti Nagar, Lucknow'),
(6,  'Deepika Nair',      27, 'Female', '9860006006', '7, Velachery, Chennai'),
(7,  'Suresh Patel',      52, 'Male',   '9870007007', '88, Satellite, Ahmedabad'),
(8,  'Kavya Menon',       24, 'Female', '9880008008', '33, Kochi, Kerala'),
(9,  'Arjun Reddy',       38, 'Male',   '9890009009', '11, Banjara Hills, Hyderabad'),
(10, 'Neha Gupta',        30, 'Female', '9900010010', '60, Sector 15, Chandigarh'),
(11, 'Vikram Malhotra',   41, 'Male',   '9911011011', '2, Model Town, Delhi'),
(12, 'Pooja Joshi',       26, 'Female', '9922022022', '45, Powai, Mumbai'),
(13, 'Sanjay Tiwari',     49, 'Male',   '9933033033', '19, Varanasi, UP'),
(14, 'Meera Iyer',        33, 'Female', '9944044044', '8, Mylapore, Chennai'),
(15, 'Rahul Khanna',      29, 'Male',   '9955055055', '78, Salt Lake, Kolkata'),
(16, 'Anita Bose',        37, 'Female', '9966066066', '31, Ballygunge, Kolkata'),
(17, 'Kiran Verma',       21, 'Male',   '9977077077', '6, Hussainabad, Lucknow'),
(18, 'Shreya Kapoor',     43, 'Female', '9988088088', '55, Whitefield, Bengaluru'),
(19, 'Tarun Saxena',      36, 'Male',   '9999099099', '4, Civil Lines, Allahabad'),
(20, 'Lalita Pillai',     55, 'Female', '9900100100', '17, Kozhikode, Kerala'),
(21, 'Harish Chandra',    44, 'Male',   '9811111111', '12, MP Nagar, Bhopal'),
(22, 'Savita Desai',      32, 'Female', '9822222222', '8, Dharampeth, Nagpur'),
(23, 'Nikhil Agarwal',    27, 'Male',   '9833333333', '5, Malviya Nagar, Jaipur'),
(24, 'Rekha Srivastava',  48, 'Female', '9844444444', '7, Gandhi Maidan, Patna'),
(25, 'Vivek Sharma',      35, 'Male',   '9855555555', '19, Sector 22, Chandigarh'),
(26, 'Divya Menon',       23, 'Female', '9866666666', '33, Ernakulam, Kochi'),
(27, 'Pradeep Naidu',     50, 'Male',   '9877777777', '6, Beach Road, Visakhapatnam'),
(28, 'Ananya Krishnan',   29, 'Female', '9888888888', '3, RS Puram, Coimbatore'),
(29, 'Mahesh Yadav',      39, 'Male',   '9899999999', '22, Vastrapur, Ahmedabad'),
(30, 'Shweta Pathak',     26, 'Female', '9800100200', '44, Adajan, Surat'),
(31, 'Rohit Bansal',      31, 'Male',   '9801200300', '18, Wakad, Pune'),
(32, 'Tanya Oberoi',      25, 'Female', '9802300400', '25, Indiranagar, Bengaluru'),
(33, 'Girish Bhatt',      46, 'Male',   '9803400500', '7, Navrangpura, Ahmedabad'),
(34, 'Pallavi Mishra',    34, 'Female', '9804500600', '15, Boring Road, Patna'),
(35, 'Sandeep Rawat',     28, 'Male',   '9805600700', '44, HITEC City, Hyderabad'),
(36, 'Fatima Sheikh',     40, 'Female', '9806700800', '9, Park Street, Kolkata'),
(37, 'Aryan Kapoor',      19, 'Male',   '9807800900', '5, MI Road, Jaipur'),
(38, 'Sudha Rangarajan',  51, 'Female', '9808900100', '17, T. Nagar, Chennai'),
(39, 'Param Gill',        33, 'Male',   '9809100200', '10, Sector 22, Chandigarh'),
(40, 'Nandita Ghosh',     29, 'Female', '9810200300', '15, Esplanade, Kolkata'),
(41, 'Sameer Lal',        37, 'Male',   '9811300400', '11, Vijay Nagar, Indore'),
(42, 'Bhavna Sharma',     24, 'Female', '9812400500', '3, Palasia, Indore'),
(43, 'Devendra Thakur',   55, 'Male',   '9813500600', '8, Arera Colony, Bhopal'),
(44, 'Meenakshi Murugan', 31, 'Female', '9814600700', '3, Gandhipuram, Coimbatore'),
(45, 'Ashwin Pillai',     42, 'Male',   '9815700800', '7, MG Road, Kochi'),
(46, 'Roshni Tomar',      27, 'Female', '9816800900', '22, Kothrud, Pune'),
(47, 'Kartik Sahu',       36, 'Male',   '9817900100', '9, Ring Road, Surat'),
(48, 'Asha Devi',         60, 'Female', '9818100200', '27, MVP Colony, Visakhapatnam'),
(49, 'Rajesh Nair',       45, 'Male',   '9819200300', '3, Brigade Road, Bengaluru'),
(50, 'Usha Bhat',         38, 'Female', '9820300400', '18, Whitefield, Bengaluru'),
(51, 'Manish Dubey',      32, 'Male',   '9821400500', '5, Hazratganj, Lucknow'),
(52, 'Kamla Rawat',       47, 'Female', '9822500600', '12, Dwarka Sector 12, Delhi'),
(53, 'Saurabh Jain',      29, 'Male',   '9823600700', '21, Navrangpura, Ahmedabad'),
(54, 'Priti Kumari',      34, 'Female', '9824700800', '3, Gandhi Maidan, Patna'),
(55, 'Vikash Pandey',     41, 'Male',   '9825800900', '14, Sitabuldi, Nagpur'),
(56, 'Chitra Subramaniam',36, 'Female', '9826900100', '6, Anna Salai, Chennai'),
(57, 'Neeraj Malviya',    30, 'Male',   '9827100200', '19, Palasia, Indore'),
(58, 'Geeta Kulkarni',    53, 'Female', '9828200300', '33, Kothrud, Pune'),
(59, 'Abhinav Roy',       22, 'Male',   '9829300400', '9, Salt Lake Sector V, Kolkata'),
(60, 'Simran Bedi',       28, 'Female', '9830400500', '19, Sector 17, Chandigarh'),
(61, 'Lokesh Patil',      39, 'Male',   '9831500600', '88, BKC, Mumbai'),
(62, 'Aruna Krishnaswamy',44, 'Female', '9832600700', '45, T. Nagar, Chennai'),
(63, 'Sunil Mathur',      48, 'Male',   '9833700800', '60, Gomti Nagar, Lucknow'),
(64, 'Poonam Ahluwalia',  31, 'Female', '9834800900', '4, Rajouri Garden, Delhi'),
(65, 'Himanshu Tewari',   26, 'Male',   '9835900100', '22, Banjara Hills, Hyderabad'),
(66, 'Sarita Aggarwal',   35, 'Female', '9836100200', '7, Koramangala, Bengaluru'),
(67, 'Praveen Choudhary', 43, 'Male',   '9837200300', '11, Vastrapur, Ahmedabad'),
(68, 'Vandana Singh',     29, 'Female', '9838300400', '7, Hussainabad, Lucknow'),
(69, 'Ajit Shetty',       37, 'Male',   '9839400500', '25, Indiranagar, Bengaluru'),
(70, 'Leela Narayanan',   56, 'Female', '9840500600', '31, Alwarpet, Chennai'),
(71, 'Mohd. Irfan',       33, 'Male',   '9841600700', '6, Esplanade, Kolkata'),
(72, 'Rachna Verma',      27, 'Female', '9842700800', '2, Nehru Nagar, Delhi'),
(73, 'Sumit Bajaj',       41, 'Male',   '9843800900', '88, Satellite, Ahmedabad'),
(74, 'Lakshmi Venkatesh', 38, 'Female', '9844900100', '3, RS Puram, Coimbatore'),
(75, 'Naresh Pandey',     50, 'Male',   '9845100200', '8, MP Nagar, Bhopal'),
(76, 'Amrita Kaur',       24, 'Female', '9846200300', '10, Sector 22, Chandigarh'),
(77, 'Ratan Singh',       62, 'Male',   '9847300400', '3, MI Road, Jaipur'),
(78, 'Bindu Thomas',      30, 'Female', '9848400500', '7, MG Road, Kochi'),
(79, 'Deepak Gupta',      35, 'Male',   '9849500600', '14, MG Road, Delhi'),
(80, 'Jyoti Rawat',       22, 'Female', '9850600700', '18, Wakad, Pune');

-- ============================================================
-- 3. POLICE_STATION  (25 rows)
-- ============================================================
INSERT INTO Police_Station (station_id, station_name, location_id, jurisdiction_area) VALUES
(1,  'Connaught Place PS',        1,  'Central Delhi, Connaught Place, Rajiv Chowk'),
(2,  'Rajouri Garden PS',         3,  'West Delhi, Rajouri Garden, Tilak Nagar'),
(3,  'Dwarka PS',                 4,  'South-West Delhi, Dwarka, Uttam Nagar'),
(4,  'Andheri PS',                6,  'Western Suburbs, Andheri, Jogeshwari'),
(5,  'Powai PS',                  7,  'Eastern Suburbs, Powai, Vikhroli'),
(6,  'BKC PS',                    8,  'Bandra Kurla Complex, Santacruz'),
(7,  'Koramangala PS',            10, 'South Bengaluru, Koramangala, BTM Layout'),
(8,  'Whitefield PS',             11, 'East Bengaluru, Whitefield, Marathahalli'),
(9,  'Indiranagar PS',            12, 'North-East Bengaluru, Indiranagar, Ulsoor'),
(10, 'Park Street PS',            13, 'Central Kolkata, Park Street, Esplanade'),
(11, 'Salt Lake PS',              14, 'Bidhannagar, Salt Lake, Rajarhat'),
(12, 'T. Nagar PS',               17, 'Central Chennai, T. Nagar, Nandanam'),
(13, 'Alwarpet PS',               18, 'South Chennai, Alwarpet, Boat Club Road'),
(14, 'Gomti Nagar PS',            20, 'Lucknow East, Gomti Nagar, Indira Nagar'),
(15, 'Hazratganj PS',             19, 'Central Lucknow, Hazratganj, Kaiserbagh'),
(16, 'Banjara Hills PS',          22, 'West Hyderabad, Banjara Hills, Jubilee Hills'),
(17, 'HITEC City PS',             24, 'West Hyderabad, HITEC City, Kondapur'),
(18, 'Sector 17 PS',              25, 'Central Chandigarh, Sectors 17-22'),
(19, 'Shivaji Nagar PS',          27, 'Central Pune, Shivaji Nagar, Camp'),
(20, 'Satellite PS',              30, 'West Ahmedabad, Satellite, Vastrapur'),
(21, 'MI Road PS',                33, 'Jaipur Central, MI Road, Sindhi Camp'),
(22, 'MP Nagar PS',               35, 'Bhopal Central, MP Nagar, New Market'),
(23, 'Gandhi Maidan PS',          37, 'Patna Central, Gandhi Maidan, Patna City'),
(24, 'MG Road PS (Kochi)',        41, 'Ernakulam, MG Road, Marine Drive'),
(25, 'Beach Road PS',             47, 'Visakhapatnam Central, Beach Road, Steel Plant');

-- ============================================================
-- 4. POLICE_OFFICER  (50 rows)
-- ============================================================
INSERT INTO Police_Officer (officer_id, name, designation, badge_number, phone_number, station_id) VALUES
-- Station 1: Connaught Place PS, Delhi
(1,  'Insp. Arun Mehra',          'Inspector',        'DL-1001', '9811001001', 1),
(2,  'SI Deepak Rawat',           'Sub-Inspector',    'DL-1002', '9811002002', 1),
-- Station 2: Rajouri Garden PS, Delhi
(3,  'Insp. Radhika Kapoor',      'Inspector',        'DL-2001', '9811003003', 2),
(4,  'SI Nitin Yadav',            'Sub-Inspector',    'DL-2002', '9811004004', 2),
-- Station 3: Dwarka PS, Delhi
(5,  'ACP Manvir Singh',          'Asst. Commr.',     'DL-3001', '9811005005', 3),
(6,  'Insp. Shalini Saxena',      'Inspector',        'DL-3002', '9811006006', 3),
-- Station 4: Andheri PS, Mumbai
(7,  'ACP Ramesh Desai',          'Asst. Commr.',     'MH-1001', '9821001001', 4),
(8,  'Insp. Seema Patil',         'Inspector',        'MH-1002', '9821002002', 4),
-- Station 5: Powai PS, Mumbai
(9,  'SI Ajay Sawant',            'Sub-Inspector',    'MH-2001', '9821003003', 5),
(10, 'Insp. Girish Nair',         'Inspector',        'MH-2002', '9821004004', 5),
-- Station 6: BKC PS, Mumbai
(11, 'DSP Priya Kulkarni',        'Dy. Supt.',        'MH-3001', '9821005005', 6),
(12, 'Insp. Sachin Bhoite',       'Inspector',        'MH-3002', '9821006006', 6),
-- Station 7: Koramangala PS, Bengaluru
(13, 'DSP Latha Krishnan',        'Dy. Supt.',        'KA-1001', '9831001001', 7),
(14, 'Insp. Sunil Hegde',         'Inspector',        'KA-1002', '9831002002', 7),
-- Station 8: Whitefield PS, Bengaluru
(15, 'SI Preethi Gowda',          'Sub-Inspector',    'KA-2001', '9831003003', 8),
(16, 'Insp. Mahesh Babu',         'Inspector',        'KA-2002', '9831004004', 8),
-- Station 9: Indiranagar PS, Bengaluru
(17, 'Insp. Rekha Kumari',        'Inspector',        'KA-3001', '9831005005', 9),
(18, 'SI Ravi Shankar',           'Sub-Inspector',    'KA-3002', '9831006006', 9),
-- Station 10: Park Street PS, Kolkata
(19, 'Insp. Bimal Roy',           'Inspector',        'WB-1001', '9841001001', 10),
(20, 'SI Tapas Ghosh',            'Sub-Inspector',    'WB-1002', '9841002002', 10),
-- Station 11: Salt Lake PS, Kolkata
(21, 'Insp. Suparna Dey',         'Inspector',        'WB-2001', '9841003003', 11),
(22, 'SI Arghya Mondal',          'Sub-Inspector',    'WB-2002', '9841004004', 11),
-- Station 12: T. Nagar PS, Chennai
(23, 'Insp. Kavitha Rajan',       'Inspector',        'TN-1001', '9851001001', 12),
(24, 'SI Sathish Kumar',          'Sub-Inspector',    'TN-1002', '9851002002', 12),
-- Station 13: Alwarpet PS, Chennai
(25, 'ACP Vasudevan Pillai',      'Asst. Commr.',     'TN-2001', '9851003003', 13),
(26, 'Insp. Mala Suresh',         'Inspector',        'TN-2002', '9851004004', 13),
-- Station 14: Gomti Nagar PS, Lucknow
(27, 'SI Mohit Shukla',           'Sub-Inspector',    'UP-1001', '9891001001', 14),
(28, 'Insp. Alok Srivastava',     'Inspector',        'UP-1002', '9891002002', 14),
-- Station 15: Hazratganj PS, Lucknow
(29, 'Insp. Divya Tripathi',      'Inspector',        'UP-2001', '9891003003', 15),
(30, 'SI Rakesh Maurya',          'Sub-Inspector',    'UP-2002', '9891004004', 15),
-- Station 16: Banjara Hills PS, Hyderabad
(31, 'DSP Rajesh Reddy',          'Dy. Supt.',        'TS-1001', '9401001001', 16),
(32, 'Insp. Sujatha Rao',         'Inspector',        'TS-1002', '9401002002', 16),
-- Station 17: HITEC City PS, Hyderabad
(33, 'Insp. Praveen Kumar',       'Inspector',        'TS-2001', '9401003003', 17),
(34, 'SI Madhavi Latha',          'Sub-Inspector',    'TS-2002', '9401004004', 17),
-- Station 18: Sector 17 PS, Chandigarh
(35, 'ACP Gurpreet Singh',        'Asst. Commr.',     'PB-1001', '9781001001', 18),
(36, 'Insp. Harpreet Kaur',       'Inspector',        'PB-1002', '9781002002', 18),
-- Station 19: Shivaji Nagar PS, Pune
(37, 'Insp. Santosh Jadhav',      'Inspector',        'MH-P001', '9421001001', 19),
(38, 'SI Neha Deshpande',         'Sub-Inspector',    'MH-P002', '9421002002', 19),
-- Station 20: Satellite PS, Ahmedabad
(39, 'Insp. Dinesh Shah',         'Inspector',        'GJ-1001', '9791001001', 20),
(40, 'SI Bhavesh Patel',          'Sub-Inspector',    'GJ-1002', '9791002002', 20),
-- Station 21: MI Road PS, Jaipur
(41, 'Insp. Suresh Sharma',       'Inspector',        'RJ-1001', '9411001001', 21),
(42, 'SI Poonam Meena',           'Sub-Inspector',    'RJ-1002', '9411002002', 21),
-- Station 22: MP Nagar PS, Bhopal
(43, 'ACP Hemant Tiwari',         'Asst. Commr.',     'MP-1001', '9421101001', 22),
(44, 'Insp. Archana Dubey',       'Inspector',        'MP-1002', '9421102002', 22),
-- Station 23: Gandhi Maidan PS, Patna
(45, 'Insp. Birendra Prasad',     'Inspector',        'BR-1001', '9431001001', 23),
(46, 'SI Sunita Kumari',          'Sub-Inspector',    'BR-1002', '9431002002', 23),
-- Station 24: MG Road PS, Kochi
(47, 'Insp. George Mathew',       'Inspector',        'KL-1001', '9841101001', 24),
(48, 'SI Ancy Thomas',            'Sub-Inspector',    'KL-1002', '9841102002', 24),
-- Station 25: Beach Road PS, Visakhapatnam
(49, 'Insp. Srinivasa Murthy',    'Inspector',        'AP-1001', '9441001001', 25),
(50, 'SI Padmaja Reddy',          'Sub-Inspector',    'AP-1002', '9441002002', 25);

-- ============================================================
-- 5. CRIME  (120 rows)
-- ============================================================
INSERT INTO Crime (crime_id, crime_type, date, time, location_id, description, status) VALUES
-- Original 20 crimes (retained)
(1,  'Robbery',           '2024-01-05', '22:30:00', 1,  'Armed robbery at a jewellery shop near MG Road.',                  'Closed'),
(2,  'Assault',           '2024-01-12', '19:45:00', 2,  'Physical assault reported outside a restaurant.',                  'Closed'),
(3,  'Burglary',          '2024-01-20', '03:00:00', 5,  'Break-in at a residential apartment; valuables stolen.',           'Closed'),
(4,  'Fraud',             '2024-02-03', '11:00:00', 6,  'Online investment fraud targeting elderly residents.',              'Under Investigation'),
(5,  'Vehicle Theft',     '2024-02-14', '01:15:00', 9,  'Two-wheelers stolen from apartment parking area.',                 'Closed'),
(6,  'Kidnapping',        '2024-02-28', '16:00:00', 10, 'Minor kidnapped; ransom demand received.',                         'Closed'),
(7,  'Murder',            '2024-03-07', '23:00:00', 13, 'Body found in back alley; blunt force trauma suspected.',          'Under Investigation'),
(8,  'Theft',             '2024-03-15', '14:30:00', 14, 'Pickpocketing incident in a crowded market.',                      'Closed'),
(9,  'Cyber Crime',       '2024-03-22', '09:00:00', 16, 'Phishing attack on a private bank; customer data leaked.',         'Under Investigation'),
(10, 'Domestic Violence', '2024-04-01', '20:00:00', 17, 'Domestic violence complaint filed by neighbour.',                  'Closed'),
(11, 'Drug Trafficking',  '2024-04-10', '03:45:00', 19, 'Seizure of 12 kg narcotics from a vehicle.',                      'Under Investigation'),
(12, 'Robbery',           '2024-04-18', '21:00:00', 20, 'ATM robbery at gunpoint.',                                         'Open'),
(13, 'Fraud',             '2024-05-02', '10:00:00', 22, 'Property document forgery detected.',                              'Under Investigation'),
(14, 'Assault',           '2024-05-10', '18:30:00', 23, 'Road-rage assault incident; victim hospitalised.',                 'Closed'),
(15, 'Burglary',          '2024-05-20', '02:30:00', 25, 'Burglary at a commercial showroom.',                               'Closed'),
(16, 'Vehicle Theft',     '2024-06-01', '00:30:00', 3,  'Car stolen from residential street.',                              'Open'),
(17, 'Cyber Crime',       '2024-06-08', '11:15:00', 7,  'Ransomware attack on an IT company.',                              'Under Investigation'),
(18, 'Murder',            '2024-06-15', '22:00:00', 11, 'Suspected murder; victim found in a water body.',                  'Open'),
(19, 'Drug Trafficking',  '2024-07-01', '04:00:00', 18, 'Drug courier arrested at bus terminus.',                           'Closed'),
(20, 'Theft',             '2024-07-10', '15:00:00', 21, 'Mobile phone snatching near a college.',                           'Closed'),
-- New crimes (21-120)
(21, 'Robbery',           '2024-07-15', '21:30:00', 27, 'Shop robbery at Shivaji Nagar; cash and jewellery taken.',         'Closed'),
(22, 'Assault',           '2024-07-18', '20:00:00', 28, 'Assault during cricket match dispute in Kothrud.',                 'Closed'),
(23, 'Burglary',          '2024-07-22', '02:45:00', 30, 'Burglary at a textile shop in Satellite area, Ahmedabad.',         'Closed'),
(24, 'Fraud',             '2024-07-25', '10:30:00', 31, 'Credit card skimming fraud at multiple ATMs.',                     'Under Investigation'),
(25, 'Vehicle Theft',     '2024-07-28', '23:00:00', 33, 'Luxury SUV stolen from hotel parking, MI Road Jaipur.',            'Open'),
(26, 'Cyber Crime',       '2024-08-01', '09:30:00', 35, 'Social media account hijacking targeting businessmen.',            'Under Investigation'),
(27, 'Murder',            '2024-08-05', '01:00:00', 37, 'Body found in Ganga Ghat; stab wounds.',                           'Under Investigation'),
(28, 'Domestic Violence', '2024-08-08', '21:00:00', 39, 'Domestic violence complaint in Sitabuldi, Nagpur.',               'Closed'),
(29, 'Drug Trafficking',  '2024-08-12', '04:30:00', 41, 'Hashish cache seized near MG Road, Kochi.',                       'Closed'),
(30, 'Theft',             '2024-08-15', '16:00:00', 43, 'Laptop theft from a café in Vijay Nagar, Indore.',                 'Closed'),
(31, 'Robbery',           '2024-08-18', '22:00:00', 45, 'Jewellery store robbery at Ring Road, Surat.',                    'Closed'),
(32, 'Assault',           '2024-08-20', '19:15:00', 47, 'Assault on a fisherman near Beach Road, Visakhapatnam.',          'Closed'),
(33, 'Burglary',          '2024-08-23', '03:30:00', 49, 'Night burglary at a saree shop in RS Puram, Coimbatore.',         'Closed'),
(34, 'Fraud',             '2024-08-26', '11:45:00', 29, 'Fake property sale fraud in Wakad, Pune.',                        'Under Investigation'),
(35, 'Vehicle Theft',     '2024-08-29', '00:15:00', 32, 'Three motorcycles stolen from society parking in Vastrapur.',     'Open'),
(36, 'Kidnapping',        '2024-09-01', '15:30:00', 34, 'Teenager abducted near school in Malviya Nagar, Jaipur.',         'Closed'),
(37, 'Murder',            '2024-09-04', '00:30:00', 36, 'Honour killing case reported in Arera Colony, Bhopal.',           'Under Investigation'),
(38, 'Cyber Crime',       '2024-09-07', '10:00:00', 38, 'Boring Road, Patna: UPI fraud targeting shopkeepers.',            'Under Investigation'),
(39, 'Drug Trafficking',  '2024-09-10', '03:15:00', 40, 'Methamphetamine seizure at railway station, Nagpur.',             'Closed'),
(40, 'Theft',             '2024-09-13', '14:00:00', 42, 'Handbag snatching at Ernakulam South, Kochi.',                    'Closed'),
(41, 'Robbery',           '2024-09-16', '21:45:00', 44, 'Bank robbery attempt in Palasia area, Indore.',                   'Closed'),
(42, 'Assault',           '2024-09-19', '20:30:00', 46, 'Assault between rival gangs in Adajan, Surat.',                   'Under Investigation'),
(43, 'Burglary',          '2024-09-22', '02:00:00', 48, 'Burglary at a computer shop in MVP Colony, Visakhapatnam.',       'Closed'),
(44, 'Fraud',             '2024-09-25', '09:15:00', 50, 'SIM card fraud ring exposed in Gandhipuram, Coimbatore.',         'Under Investigation'),
(45, 'Vehicle Theft',     '2024-09-28', '23:45:00', 4,  'Auto-rickshaw theft near Dwarka, Delhi.',                          'Open'),
(46, 'Kidnapping',        '2024-10-01', '14:00:00', 8,  'Child kidnap from BKC; ransom demanded.',                         'Closed'),
(47, 'Murder',            '2024-10-04', '23:30:00', 12, 'IT professional found dead in Indiranagar flat.',                  'Open'),
(48, 'Domestic Violence', '2024-10-07', '20:45:00', 15, 'Domestic violence case in Esplanade, Kolkata.',                   'Closed'),
(49, 'Drug Trafficking',  '2024-10-10', '03:00:00', 26, 'Cocaine seized near Sector 22, Chandigarh.',                      'Closed'),
(50, 'Theft',             '2024-10-13', '15:30:00', 24, 'Mobile phone theft near HITEC City, Hyderabad.',                  'Closed'),
(51, 'Robbery',           '2024-10-16', '22:15:00', 2,  'Pharmacy robbery in Nehru Nagar, Delhi.',                         'Closed'),
(52, 'Assault',           '2024-10-19', '18:45:00', 5,  'Assault in Civil Lines, Mumbai; victim hospitalised.',            'Closed'),
(53, 'Burglary',          '2024-10-22', '01:30:00', 9,  'Break-in at a bungalow near Brigade Road, Bengaluru.',            'Closed'),
(54, 'Fraud',             '2024-10-25', '12:00:00', 13, 'Ponzi scheme fraud; 200 investors affected in Kolkata.',           'Under Investigation'),
(55, 'Vehicle Theft',     '2024-10-28', '00:45:00', 16, 'Car theft from hospital parking, Anna Salai, Chennai.',           'Closed'),
(56, 'Kidnapping',        '2024-10-31', '16:30:00', 19, 'Businessman kidnapped from Hazratganj; ransom sought.',            'Closed'),
(57, 'Murder',            '2024-11-03', '22:45:00', 22, 'Double homicide in Banjara Hills, Hyderabad.',                    'Under Investigation'),
(58, 'Domestic Violence', '2024-11-06', '21:00:00', 25, 'Domestic violence in Sector 17, Chandigarh.',                    'Closed'),
(59, 'Drug Trafficking',  '2024-11-09', '04:15:00', 27, 'MDMA pills seized at a rave party in Pune.',                     'Closed'),
(60, 'Theft',             '2024-11-12', '16:30:00', 30, 'Shoplifting gang caught at Satellite mall, Ahmedabad.',           'Closed'),
(61, 'Robbery',           '2024-11-15', '21:00:00', 33, 'Petrol pump robbery at gunpoint, Jaipur.',                        'Closed'),
(62, 'Assault',           '2024-11-18', '19:30:00', 35, 'Political rally assault incident in Bhopal.',                    'Under Investigation'),
(63, 'Burglary',          '2024-11-21', '02:15:00', 37, 'Burglary at a gold shop near Gandhi Maidan, Patna.',              'Closed'),
(64, 'Fraud',             '2024-11-24', '11:30:00', 39, 'Bank manager arrested for embezzlement in Nagpur.',               'Under Investigation'),
(65, 'Vehicle Theft',     '2024-11-27', '01:00:00', 41, 'Boat engine theft near Marine Drive, Kochi.',                    'Closed'),
(66, 'Kidnapping',        '2024-11-30', '15:00:00', 43, 'Child kidnap attempt foiled in Indore.',                          'Closed'),
(67, 'Murder',            '2024-12-03', '23:15:00', 45, 'Businessman murdered in Surat; financial dispute suspected.',    'Under Investigation'),
(68, 'Domestic Violence', '2024-12-06', '20:00:00', 47, 'Domestic violence reported in Visakhapatnam.',                  'Closed'),
(69, 'Drug Trafficking',  '2024-12-09', '03:45:00', 49, 'Ganja cache seized in Coimbatore bus terminus.',                 'Closed'),
(70, 'Theft',             '2024-12-12', '14:45:00', 1,  'Wallet theft in Connaught Place Metro station, Delhi.',           'Closed'),
(71, 'Robbery',           '2024-12-15', '22:30:00', 6,  'Roadside robbery in Andheri West; victim beaten.',               'Closed'),
(72, 'Assault',           '2024-12-18', '19:00:00', 10, 'Gang fight in Koramangala; three injured.',                      'Under Investigation'),
(73, 'Burglary',          '2024-12-21', '02:00:00', 14, 'Salt Lake burglary; electronics stolen.',                        'Closed'),
(74, 'Fraud',             '2024-12-24', '10:30:00', 17, 'Festive season e-commerce fraud in Chennai.',                    'Under Investigation'),
(75, 'Vehicle Theft',     '2024-12-27', '00:30:00', 20, 'Truck hijacking on NH-27 near Lucknow.',                         'Open'),
(76, 'Cyber Crime',       '2025-01-02', '09:45:00', 22, 'Data breach at IT firm in HITEC City, Hyderabad.',               'Under Investigation'),
(77, 'Murder',            '2025-01-05', '23:45:00', 25, 'Body found in Chandigarh lake; foul play suspected.',            'Open'),
(78, 'Domestic Violence', '2025-01-08', '20:30:00', 28, 'Severe domestic violence case in Pune.',                         'Closed'),
(79, 'Drug Trafficking',  '2025-01-11', '04:00:00', 31, 'Opium seizure at Navrangpura checkpoint, Ahmedabad.',            'Closed'),
(80, 'Theft',             '2025-01-14', '15:00:00', 34, 'Jewellery snatching at Malviya Nagar market, Jaipur.',           'Closed'),
(81, 'Robbery',           '2025-01-17', '21:15:00', 36, 'Night watchman assaulted during robbery in Bhopal.',             'Closed'),
(82, 'Assault',           '2025-01-20', '18:00:00', 38, 'Road accident assault in Patna; drunk driver involved.',         'Closed'),
(83, 'Burglary',          '2025-01-23', '03:00:00', 40, 'Burglary at a clothing store in Dharampeth, Nagpur.',            'Closed'),
(84, 'Fraud',             '2025-01-26', '11:00:00', 42, 'Fake medical insurance fraud in Kochi.',                         'Under Investigation'),
(85, 'Vehicle Theft',     '2025-01-29', '23:30:00', 44, 'Bike theft from college campus, Indore.',                        'Open'),
(86, 'Kidnapping',        '2025-02-01', '14:30:00', 46, 'NRI businessman kidnapped in Surat.',                            'Closed'),
(87, 'Murder',            '2025-02-04', '22:00:00', 48, 'Fisherman murdered near port, Visakhapatnam.',                   'Under Investigation'),
(88, 'Domestic Violence', '2025-02-07', '21:15:00', 50, 'Domestic violence complaint in Coimbatore.',                    'Closed'),
(89, 'Drug Trafficking',  '2025-02-10', '03:30:00', 3,  'Heroin paste smuggled via courier in Delhi.',                    'Under Investigation'),
(90, 'Theft',             '2025-02-13', '16:00:00', 7,  'Gold chain snatching in Powai, Mumbai.',                         'Closed'),
(91, 'Robbery',           '2025-02-16', '22:45:00', 11, 'Bank robbery in Whitefield, Bengaluru.',                         'Open'),
(92, 'Assault',           '2025-02-19', '19:45:00', 15, 'Stabbing incident near Esplanade, Kolkata.',                     'Under Investigation'),
(93, 'Burglary',          '2025-02-22', '02:30:00', 18, 'Break-in at a saree store in Alwarpet, Chennai.',                'Closed'),
(94, 'Fraud',             '2025-02-25', '10:00:00', 21, 'Lucknow: Fake job recruitment fraud; 50 youths duped.',          'Under Investigation'),
(95, 'Vehicle Theft',     '2025-02-28', '01:00:00', 24, 'Luxury car stolen from valet parking in Hyderabad.',             'Closed'),
(96, 'Kidnapping',        '2025-03-03', '15:45:00', 26, 'School girl kidnapped in Chandigarh Sector 22.',                 'Closed'),
(97, 'Murder',            '2025-03-06', '23:00:00', 29, 'Body found in Wakad lake, Pune; identity under investigation.',  'Open'),
(98, 'Domestic Violence', '2025-03-09', '20:15:00', 32, 'Severe domestic violence case in Vastrapur, Ahmedabad.',        'Closed'),
(99, 'Drug Trafficking',  '2025-03-12', '04:00:00', 35, 'Drug party busted in Bhopal; 15 arrested.',                     'Closed'),
(100,'Theft',             '2025-03-15', '14:30:00', 37, 'Temple gold ornament theft in Patna.',                           'Under Investigation'),
(101,'Robbery',           '2025-03-18', '21:30:00', 39, 'ATM robbery at night in Nagpur.',                                'Closed'),
(102,'Assault',           '2025-03-21', '18:30:00', 41, 'Assault of auto driver in Kochi.',                               'Closed'),
(103,'Burglary',          '2025-03-24', '03:15:00', 43, 'Break-in at a pharmacy in Indore.',                              'Closed'),
(104,'Fraud',             '2025-03-27', '11:15:00', 45, 'Textile merchant defrauded of ₹20 lakhs in Surat.',             'Under Investigation'),
(105,'Vehicle Theft',     '2025-03-30', '00:45:00', 47, 'Tempo stolen from fish market area, Visakhapatnam.',            'Open'),
(106,'Cyber Crime',       '2025-04-02', '09:00:00', 49, 'WhatsApp scam targeting retired employees in Coimbatore.',      'Under Investigation'),
(107,'Murder',            '2025-04-05', '22:30:00', 2,  'Unsolved murder near Nehru Nagar, Delhi.',                       'Open'),
(108,'Drug Trafficking',  '2025-04-08', '03:00:00', 5,  'Drug cache hidden in vegetable truck, Mumbai.',                  'Closed'),
(109,'Theft',             '2025-04-11', '15:45:00', 9,  'Gold ornaments stolen from temple in Bengaluru.',                'Closed'),
(110,'Robbery',           '2025-04-14', '21:00:00', 13, 'Cash van robbery near Esplanade, Kolkata.',                      'Under Investigation'),
(111,'Assault',           '2025-04-17', '19:00:00', 16, 'Assault in Anna Salai crowd; multiple injured.',                 'Closed'),
(112,'Burglary',          '2025-04-20', '02:00:00', 19, 'Hazratganj: Museum exhibit theft attempt foiled.',               'Closed'),
(113,'Fraud',             '2025-04-23', '10:45:00', 22, 'Stock market fraud in Hyderabad; ₹5 crore loss.',               'Under Investigation'),
(114,'Vehicle Theft',     '2025-04-26', '00:15:00', 25, 'Government vehicle stolen from Chandigarh secretariat.',        'Open'),
(115,'Kidnapping',        '2025-04-29', '14:45:00', 27, 'Student kidnapped from Pune college; held for ransom.',          'Closed'),
(116,'Cyber Crime',       '2025-05-02', '09:30:00', 30, 'Business email compromise in Ahmedabad; ₹1.2 crore fraud.',     'Under Investigation'),
(117,'Murder',            '2025-05-05', '23:30:00', 33, 'Politician''s aide found dead in Jaipur hotel room.',            'Open'),
(118,'Domestic Violence', '2025-05-08', '20:00:00', 36, 'Domestic violence linked to dowry demand in Bhopal.',           'Closed'),
(119,'Drug Trafficking',  '2025-05-11', '04:30:00', 39, 'Nagpur: Largest cocaine bust; 25 kg seized.',                   'Under Investigation'),
(120,'Theft',             '2025-05-14', '16:15:00', 41, 'Tourist phone snatching ring busted in Kochi.',                 'Closed');

-- ============================================================
-- 6. CASE_FILE  (120 rows)
-- ============================================================
INSERT INTO Case_File (case_id, crime_id, lead_officer_id, case_status, start_date, end_date) VALUES
(1,   1,   1,  'Closed',              '2024-01-06', '2024-03-10'),
(2,   2,   2,  'Closed',              '2024-01-13', '2024-02-28'),
(3,   3,   7,  'Closed',              '2024-01-21', '2024-04-01'),
(4,   4,   8,  'Under Investigation', '2024-02-04', NULL),
(5,   5,   13, 'Closed',              '2024-02-15', '2024-04-20'),
(6,   6,   14, 'Closed',              '2024-03-01', '2024-05-05'),
(7,   7,   19, 'Under Investigation', '2024-03-08', NULL),
(8,   8,   20, 'Closed',              '2024-03-16', '2024-04-10'),
(9,   9,   23, 'Under Investigation', '2024-03-23', NULL),
(10,  10,  27, 'Closed',              '2024-04-02', '2024-06-01'),
(11,  11,  29, 'Under Investigation', '2024-04-11', NULL),
(12,  12,  3,  'Open',                '2024-04-19', NULL),
(13,  13,  32, 'Under Investigation', '2024-05-03', NULL),
(14,  14,  33, 'Closed',              '2024-05-11', '2024-07-15'),
(15,  15,  35, 'Closed',              '2024-05-21', '2024-08-01'),
(16,  16,  5,  'Open',                '2024-06-02', NULL),
(17,  17,  9,  'Under Investigation', '2024-06-09', NULL),
(18,  18,  15, 'Open',                '2024-06-16', NULL),
(19,  19,  26, 'Closed',              '2024-07-02', '2024-09-10'),
(20,  20,  28, 'Closed',              '2024-07-11', '2024-08-20'),
(21,  21,  37, 'Closed',              '2024-07-16', '2024-09-01'),
(22,  22,  38, 'Closed',              '2024-07-19', '2024-08-30'),
(23,  23,  39, 'Closed',              '2024-07-23', '2024-09-15'),
(24,  24,  40, 'Under Investigation', '2024-07-26', NULL),
(25,  25,  41, 'Open',                '2024-07-29', NULL),
(26,  26,  43, 'Under Investigation', '2024-08-02', NULL),
(27,  27,  45, 'Under Investigation', '2024-08-06', NULL),
(28,  28,  49, 'Closed',              '2024-08-09', '2024-09-20'),
(29,  29,  47, 'Closed',              '2024-08-13', '2024-10-01'),
(30,  30,  44, 'Closed',              '2024-08-16', '2024-09-10'),
(31,  31,  39, 'Closed',              '2024-08-19', '2024-09-25'),
(32,  32,  49, 'Closed',              '2024-08-21', '2024-09-15'),
(33,  33,  23, 'Closed',              '2024-08-24', '2024-10-05'),
(34,  34,  37, 'Under Investigation', '2024-08-27', NULL),
(35,  35,  39, 'Open',                '2024-08-30', NULL),
(36,  36,  41, 'Closed',              '2024-09-02', '2024-10-20'),
(37,  37,  43, 'Under Investigation', '2024-09-05', NULL),
(38,  38,  45, 'Under Investigation', '2024-09-08', NULL),
(39,  39,  49, 'Closed',              '2024-09-11', '2024-10-30'),
(40,  40,  47, 'Closed',              '2024-09-14', '2024-10-15'),
(41,  41,  44, 'Closed',              '2024-09-17', '2024-10-25'),
(42,  42,  40, 'Under Investigation', '2024-09-20', NULL),
(43,  43,  50, 'Closed',              '2024-09-23', '2024-11-01'),
(44,  44,  23, 'Under Investigation', '2024-09-26', NULL),
(45,  45,  5,  'Open',                '2024-09-29', NULL),
(46,  46,  11, 'Closed',              '2024-10-02', '2024-11-15'),
(47,  47,  16, 'Open',                '2024-10-05', NULL),
(48,  48,  21, 'Closed',              '2024-10-08', '2024-11-20'),
(49,  49,  35, 'Closed',              '2024-10-11', '2024-11-25'),
(50,  50,  33, 'Closed',              '2024-10-14', '2024-11-10'),
(51,  51,  1,  'Closed',              '2024-10-17', '2024-11-30'),
(52,  52,  8,  'Closed',              '2024-10-20', '2024-11-28'),
(53,  53,  13, 'Closed',              '2024-10-23', '2024-12-01'),
(54,  54,  19, 'Under Investigation', '2024-10-26', NULL),
(55,  55,  24, 'Closed',              '2024-10-29', '2024-12-10'),
(56,  56,  28, 'Closed',              '2024-11-01', '2024-12-20'),
(57,  57,  31, 'Under Investigation', '2024-11-04', NULL),
(58,  58,  36, 'Closed',              '2024-11-07', '2024-12-15'),
(59,  59,  38, 'Closed',              '2024-11-10', '2024-12-25'),
(60,  60,  39, 'Closed',              '2024-11-13', '2024-12-20'),
(61,  61,  41, 'Closed',              '2024-11-16', '2024-12-28'),
(62,  62,  44, 'Under Investigation', '2024-11-19', NULL),
(63,  63,  45, 'Closed',              '2024-11-22', '2025-01-10'),
(64,  64,  49, 'Under Investigation', '2024-11-25', NULL),
(65,  65,  47, 'Closed',              '2024-11-28', '2025-01-05'),
(66,  66,  44, 'Closed',              '2024-12-01', '2025-01-15'),
(67,  67,  40, 'Under Investigation', '2024-12-04', NULL),
(68,  68,  50, 'Closed',              '2024-12-07', '2025-01-20'),
(69,  69,  24, 'Closed',              '2024-12-10', '2025-01-25'),
(70,  70,  1,  'Closed',              '2024-12-13', '2025-01-15'),
(71,  71,  8,  'Closed',              '2024-12-16', '2025-01-28'),
(72,  72,  13, 'Under Investigation', '2024-12-19', NULL),
(73,  73,  21, 'Closed',              '2024-12-22', '2025-02-01'),
(74,  74,  24, 'Under Investigation', '2024-12-25', NULL),
(75,  75,  28, 'Open',                '2024-12-28', NULL),
(76,  76,  31, 'Under Investigation', '2025-01-03', NULL),
(77,  77,  36, 'Open',                '2025-01-06', NULL),
(78,  78,  37, 'Closed',              '2025-01-09', '2025-02-20'),
(79,  79,  39, 'Closed',              '2025-01-12', '2025-02-15'),
(80,  80,  41, 'Closed',              '2025-01-15', '2025-02-25'),
(81,  81,  43, 'Closed',              '2025-01-18', '2025-02-28'),
(82,  82,  45, 'Closed',              '2025-01-21', '2025-02-25'),
(83,  83,  49, 'Closed',              '2025-01-24', '2025-03-01'),
(84,  84,  47, 'Under Investigation', '2025-01-27', NULL),
(85,  85,  44, 'Open',                '2025-01-30', NULL),
(86,  86,  40, 'Closed',              '2025-02-02', '2025-03-15'),
(87,  87,  50, 'Under Investigation', '2025-02-05', NULL),
(88,  88,  24, 'Closed',              '2025-02-08', '2025-03-20'),
(89,  89,  5,  'Under Investigation', '2025-02-11', NULL),
(90,  90,  10, 'Closed',              '2025-02-14', '2025-03-25'),
(91,  91,  15, 'Open',                '2025-02-17', NULL),
(92,  92,  20, 'Under Investigation', '2025-02-20', NULL),
(93,  93,  25, 'Closed',              '2025-02-23', '2025-03-30'),
(94,  94,  28, 'Under Investigation', '2025-02-26', NULL),
(95,  95,  32, 'Closed',              '2025-03-01', '2025-04-05'),
(96,  96,  35, 'Closed',              '2025-03-04', '2025-04-10'),
(97,  97,  38, 'Open',                '2025-03-07', NULL),
(98,  98,  39, 'Closed',              '2025-03-10', '2025-04-15'),
(99,  99,  43, 'Closed',              '2025-03-13', '2025-04-20'),
(100, 100, 45, 'Under Investigation', '2025-03-16', NULL),
(101, 101, 49, 'Closed',              '2025-03-19', '2025-04-25'),
(102, 102, 47, 'Closed',              '2025-03-22', '2025-04-20'),
(103, 103, 44, 'Closed',              '2025-03-25', '2025-04-30'),
(104, 104, 40, 'Under Investigation', '2025-03-28', NULL),
(105, 105, 50, 'Open',                '2025-03-31', NULL),
(106, 106, 24, 'Under Investigation', '2025-04-03', NULL),
(107, 107, 1,  'Open',                '2025-04-06', NULL),
(108, 108, 8,  'Closed',              '2025-04-09', '2025-05-10'),
(109, 109, 13, 'Closed',              '2025-04-12', '2025-05-15'),
(110, 110, 19, 'Under Investigation', '2025-04-15', NULL),
(111, 111, 23, 'Closed',              '2025-04-18', '2025-05-20'),
(112, 112, 29, 'Closed',              '2025-04-21', '2025-05-25'),
(113, 113, 31, 'Under Investigation', '2025-04-24', NULL),
(114, 114, 35, 'Open',                '2025-04-27', NULL),
(115, 115, 37, 'Closed',              '2025-04-30', '2025-05-28'),
(116, 116, 39, 'Under Investigation', '2025-05-03', NULL),
(117, 117, 41, 'Open',                '2025-05-06', NULL),
(118, 118, 44, 'Closed',              '2025-05-09', '2025-05-30'),
(119, 119, 49, 'Under Investigation', '2025-05-12', NULL),
(120, 120, 47, 'Closed',              '2025-05-15', '2025-05-28');

-- ============================================================
-- 7. FIR  (120 rows)
-- ============================================================
INSERT INTO FIR (fir_id, crime_id, filed_by, filing_date, description) VALUES
(1,   1,   1,  '2024-01-05', 'Ravi Kumar (shop owner) reports armed robbery; assailants fled on motorbike.'),
(2,   2,   2,  '2024-01-12', 'Priya Sharma reports assault by unknown individual outside Spice Garden restaurant.'),
(3,   3,   3,  '2024-01-20', 'Mohan Das reports burglary at Flat 4B; gold ornaments and cash stolen.'),
(4,   4,   7,  '2024-02-03', 'Suresh Patel reports loss of ₹8 lakhs in fraudulent investment scheme.'),
(5,   5,   4,  '2024-02-14', 'Sunita Rao reports theft of two Honda Activas from parking lot.'),
(6,   6,   5,  '2024-02-28', 'Amit Singh (father) files missing child report; ransom call received at 18:30.'),
(7,   7,   16, '2024-03-08', 'Anita Bose reports discovery of body in alley behind Park Hotel.'),
(8,   8,   15, '2024-03-15', 'Rahul Khanna reports pickpocketing; wallet and phone stolen.'),
(9,   9,   14, '2024-03-22', 'Meera Iyer (bank manager) reports phishing-based data breach.'),
(10,  10,  6,  '2024-04-01', 'Deepika Nair (neighbour) files domestic violence complaint at Flat 12C.'),
(11,  11,  19, '2024-04-10', 'Tarun Saxena (informant) tips off drug seizure; 12 kg heroin recovered.'),
(12,  12,  17, '2024-04-18', 'Kiran Verma reports gunpoint robbery at SBI ATM, Gomti Nagar.'),
(13,  13,  9,  '2024-05-02', 'Arjun Reddy reports forged sale deed; property registration fraud.'),
(14,  14,  8,  '2024-05-10', 'Kavya Menon files complaint against road-rage assault by Jeep driver.'),
(15,  15,  10, '2024-05-20', 'Neha Gupta (showroom manager) reports overnight burglary; ₹15 lakhs loss.'),
(16,  16,  11, '2024-06-01', 'Vikram Malhotra reports theft of Maruti Swift from outside residence.'),
(17,  17,  12, '2024-06-08', 'Pooja Joshi (IT manager) reports ransomware infection; servers encrypted.'),
(18,  18,  18, '2024-06-15', 'Shreya Kapoor reports body discovered in lake; identity unknown.'),
(19,  19,  20, '2024-07-01', 'Lalita Pillai (bystander) reports arrest of drug courier at bus terminus.'),
(20,  20,  13, '2024-07-10', 'Sanjay Tiwari reports phone snatching near BBAU campus.'),
(21,  21,  21, '2024-07-15', 'Harish Chandra reports shop robbery; two masked persons fled.'),
(22,  22,  22, '2024-07-18', 'Savita Desai files complaint of assault during cricket match.'),
(23,  23,  23, '2024-07-22', 'Nikhil Agarwal (shop owner) reports burglary; ₹6 lakhs stock stolen.'),
(24,  24,  24, '2024-07-25', 'Rekha Srivastava reports suspicious ATM transaction; ₹80,000 lost.'),
(25,  25,  25, '2024-07-28', 'Vivek Sharma (hotel manager) reports stolen luxury SUV from valet.'),
(26,  26,  26, '2024-08-01', 'Divya Menon reports social media hijacking; account used for fraud.'),
(27,  27,  27, '2024-08-05', 'Pradeep Naidu reports body sighting near Ganga Ghat.'),
(28,  28,  28, '2024-08-08', 'Ananya Krishnan (neighbour) files domestic violence complaint.'),
(29,  29,  29, '2024-08-12', 'Mahesh Yadav (customs officer) reports drug seizure near MG Road.'),
(30,  30,  30, '2024-08-15', 'Shweta Pathak (café owner) reports stolen laptop from premises.'),
(31,  31,  31, '2024-08-18', 'Rohit Bansal (jeweller) reports armed robbery; ₹12 lakhs stolen.'),
(32,  32,  32, '2024-08-20', 'Tanya Oberoi (witness) reports assault on fisherman near beach.'),
(33,  33,  33, '2024-08-23', 'Girish Bhatt (shop owner) reports overnight burglary; sarees stolen.'),
(34,  34,  34, '2024-08-26', 'Pallavi Mishra reports fake property sale; ₹25 lakhs lost.'),
(35,  35,  35, '2024-08-29', 'Sandeep Rawat (society president) reports three stolen motorcycles.'),
(36,  36,  36, '2024-09-01', 'Fatima Sheikh reports missing teenager; ransom SMS received.'),
(37,  37,  37, '2024-09-04', 'Aryan Kapoor (witness) reports suspicious death in Arera Colony.'),
(38,  38,  38, '2024-09-07', 'Sudha Rangarajan (UPI victim) reports fraudulent transactions.'),
(39,  39,  39, '2024-09-10', 'Param Gill (railway officer) reports drug seizure at Nagpur station.'),
(40,  40,  40, '2024-09-13', 'Nandita Ghosh reports handbag snatching; phone and cash stolen.'),
(41,  41,  41, '2024-09-16', 'Sameer Lal (bank security guard) reports robbery attempt.'),
(42,  42,  42, '2024-09-19', 'Bhavna Sharma (bystander) reports gang fight; three injured.'),
(43,  43,  43, '2024-09-22', 'Devendra Thakur reports computer store burglary; ₹10 lakhs loss.'),
(44,  44,  44, '2024-09-25', 'Meenakshi Murugan (mobile user) reports SIM swap fraud.'),
(45,  45,  45, '2024-09-28', 'Ashwin Pillai reports missing auto-rickshaw; registration provided.'),
(46,  46,  46, '2024-10-01', 'Roshni Tomar (mother) files missing child complaint; BKC.'),
(47,  47,  47, '2024-10-04', 'Kartik Sahu (neighbour) reports suspicious absence of IT worker.'),
(48,  48,  48, '2024-10-07', 'Asha Devi reports domestic violence; neighbour corroborates.'),
(49,  49,  49, '2024-10-10', 'Rajesh Nair (police informant) reports cocaine handover.'),
(50,  50,  50, '2024-10-13', 'Usha Bhat reports phone stolen near HITEC City bus stop.'),
(51,  51,  51, '2024-10-16', 'Manish Dubey (pharmacy owner) reports robbery at gunpoint.'),
(52,  52,  52, '2024-10-19', 'Kamla Rawat files assault complaint; minor injuries sustained.'),
(53,  53,  53, '2024-10-22', 'Saurabh Jain (bungalow owner) reports break-in; safe looted.'),
(54,  54,  54, '2024-10-25', 'Priti Kumari (victim of Ponzi scheme) files complaint.'),
(55,  55,  55, '2024-10-28', 'Vikash Pandey reports car missing from hospital parking.'),
(56,  56,  56, '2024-10-31', 'Chitra Subramaniam (wife of victim) files kidnap complaint.'),
(57,  57,  57, '2024-11-03', 'Neeraj Malviya (witness) reports double homicide in Banjara Hills.'),
(58,  58,  58, '2024-11-06', 'Geeta Kulkarni (neighbour) reports domestic violence complaint.'),
(59,  59,  59, '2024-11-09', 'Abhinav Roy (informant) reports drug party at Pune resort.'),
(60,  60,  60, '2024-11-12', 'Simran Bedi (security guard) reports shoplifting gang caught.'),
(61,  61,  61, '2024-11-15', 'Lokesh Patil (petrol pump owner) reports robbery at gunpoint.'),
(62,  62,  62, '2024-11-18', 'Aruna Krishnaswamy (witness) reports violent brawl at rally.'),
(63,  63,  63, '2024-11-21', 'Sunil Mathur (gold shop owner) reports burglary; ₹20 lakhs lost.'),
(64,  64,  64, '2024-11-24', 'Poonam Ahluwalia (bank customer) reports manager fraud.'),
(65,  65,  65, '2024-11-27', 'Himanshu Tewari (boat owner) reports stolen engine.'),
(66,  66,  66, '2024-11-30', 'Sarita Aggarwal (bystander) reports foiled child kidnap attempt.'),
(67,  67,  67, '2024-12-03', 'Praveen Choudhary (business partner) reports missing businessman.'),
(68,  68,  68, '2024-12-06', 'Vandana Singh files domestic violence complaint; injuries visible.'),
(69,  69,  69, '2024-12-09', 'Ajit Shetty (transport officer) reports ganja seizure.'),
(70,  70,  70, '2024-12-12', 'Leela Narayanan reports wallet theft at metro station.'),
(71,  71,  71, '2024-12-15', 'Mohd. Irfan (victim) reports roadside robbery; bike taken.'),
(72,  72,  72, '2024-12-18', 'Rachna Verma (witness) reports gang fight; broken bottles used.'),
(73,  73,  73, '2024-12-21', 'Sumit Bajaj (flat owner) reports burglary; electronics stolen.'),
(74,  74,  74, '2024-12-24', 'Lakshmi Venkatesh reports e-commerce order fraud during Diwali.'),
(75,  75,  75, '2024-12-27', 'Naresh Pandey (truck driver witness) reports truck hijacking.'),
(76,  76,  76, '2025-01-02', 'Amrita Kaur (IT employee) reports large-scale data breach.'),
(77,  77,  77, '2025-01-05', 'Ratan Singh (fisherman) reports floating body in Chandigarh lake.'),
(78,  78,  78, '2025-01-08', 'Bindu Thomas (doctor) files domestic violence complaint.'),
(79,  79,  79, '2025-01-11', 'Deepak Gupta (customs officer) reports opium seizure.'),
(80,  80,  80, '2025-01-14', 'Jyoti Rawat reports gold chain snatching in market.'),
(81,  81,  1,  '2025-01-17', 'Ravi Kumar (night watchman) reports assault during robbery.'),
(82,  82,  2,  '2025-01-20', 'Priya Sharma (witness) reports drunk-driver assault.'),
(83,  83,  3,  '2025-01-23', 'Mohan Das (shop owner) reports overnight burglary.'),
(84,  84,  4,  '2025-01-26', 'Sunita Rao (insurance holder) reports fraudulent claims.'),
(85,  85,  5,  '2025-01-29', 'Amit Singh (college student) reports stolen bike from campus.'),
(86,  86,  6,  '2025-02-01', 'Deepika Nair (family member) files kidnap complaint.'),
(87,  87,  7,  '2025-02-04', 'Suresh Patel (fisherman colleague) reports murder near port.'),
(88,  88,  8,  '2025-02-07', 'Kavya Menon (doctor) files domestic violence complaint.'),
(89,  89,  9,  '2025-02-10', 'Arjun Reddy (customs officer) reports drug courier arrest.'),
(90,  90,  10, '2025-02-13', 'Neha Gupta reports gold chain snatching; description given.'),
(91,  91,  11, '2025-02-16', 'Vikram Malhotra (bank manager) reports robbery attempt.'),
(92,  92,  12, '2025-02-19', 'Pooja Joshi (witness) reports stabbing near marketplace.'),
(93,  93,  13, '2025-02-22', 'Sanjay Tiwari (shop owner) reports late-night burglary.'),
(94,  94,  14, '2025-02-25', 'Meera Iyer (job applicant victim) reports recruitment fraud.'),
(95,  95,  15, '2025-02-28', 'Rahul Khanna reports stolen car recovered with damage.'),
(96,  96,  16, '2025-03-03', 'Anita Bose (school principal) files missing student complaint.'),
(97,  97,  17, '2025-03-06', 'Kiran Verma (fisherman) reports body sighting in lake.'),
(98,  98,  18, '2025-03-09', 'Shreya Kapoor files domestic violence complaint; hospitalised.'),
(99,  99,  19, '2025-03-12', 'Tarun Saxena (informant) reports drug party location.'),
(100, 100, 20, '2025-03-15', 'Lalita Pillai (temple committee) reports ornament theft.'),
(101, 101, 21, '2025-03-18', 'Harish Chandra reports ATM robbery in broad night.'),
(102, 102, 22, '2025-03-21', 'Savita Desai (bystander) reports assault of auto driver.'),
(103, 103, 23, '2025-03-24', 'Nikhil Agarwal (pharmacy owner) reports forced entry.'),
(104, 104, 24, '2025-03-27', 'Rekha Srivastava (merchant victim) reports textile fraud.'),
(105, 105, 25, '2025-03-30', 'Vivek Sharma (market owner) reports tempo theft.'),
(106, 106, 26, '2025-04-02', 'Divya Menon (retiree victim) reports WhatsApp money scam.'),
(107, 107, 27, '2025-04-05', 'Pradeep Naidu (neighbour) reports discovery of body.'),
(108, 108, 28, '2025-04-08', 'Ananya Krishnan (customs) reports drug-laden vegetable truck.'),
(109, 109, 29, '2025-04-11', 'Mahesh Yadav (temple trustee) reports stolen ornaments.'),
(110, 110, 30, '2025-04-14', 'Shweta Pathak (eyewitness) reports cash van robbery.'),
(111, 111, 31, '2025-04-17', 'Rohit Bansal (victim) reports crowd assault on Anna Salai.'),
(112, 112, 32, '2025-04-20', 'Tanya Oberoi (museum guard) files complaint; attempt foiled.'),
(113, 113, 33, '2025-04-23', 'Girish Bhatt (investor) reports stock market fraud.'),
(114, 114, 34, '2025-04-26', 'Pallavi Mishra (government employee) reports stolen vehicle.'),
(115, 115, 35, '2025-04-29', 'Sandeep Rawat (student parent) files kidnap complaint.'),
(116, 116, 36, '2025-05-02', 'Fatima Sheikh (finance officer) reports BEC fraud.'),
(117, 117, 37, '2025-05-05', 'Aryan Kapoor (hotel staff) reports suspicious death.'),
(118, 118, 38, '2025-05-08', 'Sudha Rangarajan files dowry-related violence complaint.'),
(119, 119, 39, '2025-05-11', 'Param Gill (customs officer) reports 25 kg cocaine seizure.'),
(120, 120, 40, '2025-05-14', 'Nandita Ghosh (tourist) reports phone snatching; gang suspected.');

-- ============================================================
-- 8. EVIDENCE  (150 rows — some cases have multiple items)
-- ============================================================
INSERT INTO Evidence (evidence_id, case_id, evidence_type, description, collected_date) VALUES
(1,   1,  'CCTV Footage',     'Shop CCTV showing two masked assailants entering at 22:28.',                '2024-01-06'),
(2,   1,  'Weapon',           'Improvised pistol recovered from drain near MG Road.',                    '2024-01-07'),
(3,   2,  'Medical Report',   'Victim medical report showing fracture of left forearm.',                 '2024-01-13'),
(4,   3,  'Forensic Report',  'Fingerprint analysis from window latch; partial match found.',            '2024-01-21'),
(5,   4,  'Digital Evidence', 'Transaction logs and IP traces from fraudulent investment portal.',       '2024-02-05'),
(6,   5,  'CCTV Footage',     'Parking CCTV shows man tampering with motorcycle locks at 01:10.',        '2024-02-15'),
(7,   6,  'Witness Statement','Shopkeeper witnessed abduction near Koramangala bus stop.',               '2024-03-02'),
(8,   7,  'Forensic Report',  'Blood samples and DNA collected from crime scene alley.',                 '2024-03-09'),
(9,   7,  'Weapon',           'Iron rod found 30m from body with traces of blood.',                      '2024-03-09'),
(10,  8,  'Witness Statement','Two witnesses confirm pickpocket entered market at 14:15.',               '2024-03-16'),
(11,  9,  'Digital Evidence', 'Phishing email headers and server logs; origin traced to VPN.',           '2024-03-24'),
(12,  10, 'Medical Report',   'Victim medical report showing bruising; photographs attached.',           '2024-04-02'),
(13,  11, 'Physical Sample',  '12 kg heroin in sealed packets hidden under truck floor.',                '2024-04-11'),
(14,  12, 'CCTV Footage',     'ATM CCTV captures suspect face; resolution moderate.',                    '2024-04-19'),
(15,  13, 'Document',         'Original vs forged sale deed; expert handwriting report attached.',       '2024-05-04'),
(16,  14, 'CCTV Footage',     'Traffic camera footage of road-rage incident near fly-over.',             '2024-05-12'),
(17,  15, 'Forensic Report',  'Boot impression casts and glass fragments from forced entry.',            '2024-05-22'),
(18,  17, 'Digital Evidence', 'Ransomware binary sample; ransom note demanding ₹50 lakh in BTC.',       '2024-06-10'),
(19,  18, 'Forensic Report',  'Autopsy report: victim drowned; ligature marks on wrists.',               '2024-06-17'),
(20,  19, 'Physical Sample',  'Substance confirmed heroin; courier arrest statement recorded.',          '2024-07-02'),
(21,  21, 'CCTV Footage',     'Shop CCTV captures three suspects; faces partially visible.',             '2024-07-16'),
(22,  21, 'Witness Statement','Adjacent shopkeeper identifies one suspect by description.',              '2024-07-17'),
(23,  22, 'Medical Report',   'Victim suffered rib fracture; hospital report attached.',                 '2024-07-19'),
(24,  23, 'Forensic Report',  'Broken padlock forensics; tool marks match crowbar.',                    '2024-07-24'),
(25,  24, 'Digital Evidence', 'Bank server logs showing card skimming at four ATM locations.',          '2024-07-27'),
(26,  25, 'CCTV Footage',     'Hotel CCTV shows car being driven out at 23:05 by unknown person.',      '2024-07-30'),
(27,  26, 'Digital Evidence', 'IP logs and phishing messages from hijacked account.',                   '2024-08-03'),
(28,  27, 'Forensic Report',  'Autopsy confirms multiple stab wounds; blood type O+.',                  '2024-08-07'),
(29,  27, 'Weapon',           'Knife recovered from river bank; DNA match pending.',                    '2024-08-08'),
(30,  28, 'Medical Report',   'Victim injury report: burns and contusions on hands and face.',          '2024-08-10'),
(31,  29, 'Physical Sample',  '4 kg hashish seized; chains of custody documented.',                     '2024-08-14'),
(32,  30, 'CCTV Footage',     'Café CCTV captures thief taking laptop from unattended table.',          '2024-08-17'),
(33,  31, 'Weapon',           'Country-made pistol found at crime scene; ballistics report filed.',     '2024-08-20'),
(34,  31, 'CCTV Footage',     'Jewellery shop CCTV; suspects wore helmets throughout.',                 '2024-08-20'),
(35,  32, 'Medical Report',   'Fisherman injury report: blunt trauma to head.',                         '2024-08-22'),
(36,  33, 'Forensic Report',  'Saree shop entry forced; fibre evidence on window grill.',               '2024-08-25'),
(37,  34, 'Document',         'Duplicate registration papers with forged signatures.',                  '2024-08-28'),
(38,  36, 'Witness Statement','Two witnesses saw teenager forcibly put into a white Innova.',            '2024-09-03'),
(39,  36, 'Digital Evidence', 'Ransom SMS traced to a prepaid SIM; IMEI tracked.',                     '2024-09-04'),
(40,  37, 'Forensic Report',  'Strangulation marks confirmed; female victim aged ~25.',                 '2024-09-06'),
(41,  38, 'Digital Evidence', 'UPI transaction logs showing fraudulent reversals.',                     '2024-09-09'),
(42,  39, 'Physical Sample',  '8 kg methamphetamine sealed in fruit crates at railway.',                '2024-09-12'),
(43,  40, 'Witness Statement','Two bystanders confirm snatching near bus stop.',                        '2024-09-15'),
(44,  41, 'CCTV Footage',     'Bank corridor CCTV; robber wore full face mask.',                        '2024-09-18'),
(45,  41, 'Weapon',           'Air gun found in nearby drain; sent for forensic analysis.',             '2024-09-19'),
(46,  42, 'Medical Report',   'Three victims hospitalised; machete injuries recorded.',                 '2024-09-21'),
(47,  43, 'Forensic Report',  'Fingerprints lifted from server rack; partial match.',                   '2024-09-24'),
(48,  44, 'Digital Evidence', 'Telecom logs showing SIM swap requests with forged ID proof.',           '2024-09-27'),
(49,  46, 'Witness Statement','Eyewitness describes white van used in BKC child kidnapping.',            '2024-10-03'),
(50,  46, 'Digital Evidence', 'Cell tower data narrows vehicle movement to three zones.',               '2024-10-04'),
(51,  47, 'Forensic Report',  'Toxicology: sedatives detected in victim blood sample.',                 '2024-10-06'),
(52,  48, 'Medical Report',   'Victim bruising consistent with repeated physical abuse.',               '2024-10-09'),
(53,  49, 'Physical Sample',  '2 kg cocaine; packaging linked to international supply chain.',          '2024-10-12'),
(54,  50, 'CCTV Footage',     'Bus stop CCTV shows suspect snatching phone from rear pocket.',          '2024-10-15'),
(55,  51, 'CCTV Footage',     'Pharmacy exterior CCTV; clear facial capture of two suspects.',          '2024-10-18'),
(56,  51, 'Weapon',           'Knife recovered from pharmacy floor.',                                    '2024-10-19'),
(57,  52, 'Medical Report',   'Victim jaw fracture; dental records attached.',                          '2024-10-22'),
(58,  53, 'Forensic Report',  'Safe cracking marks; specialised tool impressions.',                     '2024-10-25'),
(59,  54, 'Document',         'Fake company prospectus and investor receipts recovered.',               '2024-10-28'),
(60,  55, 'CCTV Footage',     'Hospital parking CCTV; car driven away at 00:40.',                       '2024-10-31'),
(61,  56, 'Digital Evidence', 'Ransom call traced to burner phone; cell tower near Gomti Nagar.',       '2024-11-03'),
(62,  57, 'Forensic Report',  'Gunshot wounds; two .32 calibre bullets recovered from scene.',          '2024-11-06'),
(63,  57, 'Weapon',           'Semi-automatic pistol found in storm drain near scene.',                 '2024-11-07'),
(64,  58, 'Medical Report',   'Victim medical report: lacerations on neck and shoulders.',              '2024-11-09'),
(65,  59, 'Physical Sample',  '500 MDMA pills; traces of fentanyl detected.',                           '2024-11-12'),
(66,  60, 'CCTV Footage',     'Mall CCTV captures gang operating across three shops.',                  '2024-11-15'),
(67,  61, 'CCTV Footage',     'Petrol pump CCTV; suspect licence plate partially captured.',            '2024-11-18'),
(68,  61, 'Weapon',           'Revolver abandoned near pump after robbery.',                            '2024-11-18'),
(69,  62, 'Medical Report',   'Six persons with minor injuries; one critical head trauma.',             '2024-11-21'),
(70,  63, 'Forensic Report',  'Melted lock on vault door; thermal cutting tool used.',                  '2024-11-24'),
(71,  63, 'CCTV Footage',     'Street CCTV shows suspects arriving on motorcycles at 02:00.',          '2024-11-24'),
(72,  64, 'Document',         'Bank transaction printouts showing unauthorised transfers.',             '2024-11-27'),
(73,  65, 'CCTV Footage',     'Marine Drive CCTV; boat engine removed overnight.',                     '2024-11-30'),
(74,  66, 'Witness Statement','School bus driver witnessed attempted abduction.',                       '2024-12-03'),
(75,  67, 'Forensic Report',  'Blunt force trauma; victim struck from behind; hair fibres collected.', '2024-12-06'),
(76,  68, 'Medical Report',   'Victim X-ray: fractured radius; old healed injuries also noted.',       '2024-12-09'),
(77,  69, 'Physical Sample',  '15 kg ganja in sacks; tagged as exhibit.',                              '2024-12-12'),
(78,  70, 'CCTV Footage',     'Metro CCTV captures pickpocket operating on platform.',                 '2024-12-15'),
(79,  71, 'Medical Report',   'Victim head injury; two-wheeler taken during assault.',                 '2024-12-18'),
(80,  72, 'Medical Report',   'Multiple casualties; broken bottle injuries.',                           '2024-12-21'),
(81,  73, 'Forensic Report',  'Window latch fingerprints; fibre from clothing.',                       '2024-12-24'),
(82,  74, 'Digital Evidence', 'Fake e-commerce website server data; 300+ victims.',                    '2024-12-27'),
(83,  76, 'Digital Evidence', 'Server logs and exfiltrated employee database backup.',                  '2025-01-04'),
(84,  78, 'Medical Report',   'Severe bruising; victim admitted to ICU.',                               '2025-01-10'),
(85,  79, 'Physical Sample',  '3 kg opium hidden in double-walled luggage bags.',                      '2025-01-13'),
(86,  80, 'Witness Statement','Two vendors confirm snatching; partial vehicle description.',            '2025-01-16'),
(87,  81, 'CCTV Footage',     'Night CCTV captures three-person entry; watchman tied up.',             '2025-01-19'),
(88,  82, 'Medical Report',   'Victim road-rash and fractured clavicle; BAC report of driver.',        '2025-01-23'),
(89,  83, 'Forensic Report',  'Inventory check shows ₹8 lakhs stock missing.',                        '2025-01-26'),
(90,  84, 'Document',         'Fake insurance policy forms with forged doctor signatures.',             '2025-01-29'),
(91,  86, 'Digital Evidence', 'Ransom video sent via encrypted app; metadata partially recovered.',    '2025-02-03'),
(92,  86, 'Witness Statement','Warehouse guard spotted white SUV parked outside on day of kidnap.',    '2025-02-04'),
(93,  87, 'Forensic Report',  'Victim cause of death: blunt trauma; fisherman tools used.',            '2025-02-07'),
(94,  88, 'Medical Report',   'Victim admitted with 40% burns; statement recorded.',                   '2025-02-10'),
(95,  89, 'Physical Sample',  '2.5 kg heroin paste in wax-sealed courier packages.',                   '2025-02-13'),
(96,  90, 'Witness Statement','Auto driver witnessed snatching on Powai lake road.',                   '2025-02-16'),
(97,  92, 'Medical Report',   'Multiple stab wounds; victim in stable condition.',                     '2025-02-22'),
(98,  92, 'Weapon',           'Broken bottle and knife recovered from scene.',                         '2025-02-23'),
(99,  93, 'Forensic Report',  'Entry forced through rear window; palm print on ledge.',                '2025-02-25'),
(100, 94, 'Document',         'Fake offer letters with forged company stamps.',                        '2025-02-28'),
(101, 95, 'CCTV Footage',     'Valet parking exit CCTV; number plate confirmed stolen.',               '2025-03-03'),
(102, 96, 'Digital Evidence', 'CCTV network footage and school gate log analysed.',                    '2025-03-06'),
(103, 96, 'Witness Statement','Classmates confirm victim last seen boarding van at 14:30.',            '2025-03-06'),
(104, 98, 'Medical Report',   'Victim fractures and burn marks; admitted to surgery.',                 '2025-03-12'),
(105, 99, 'Physical Sample',  'Assorted narcotics seized; 15 persons arrested on-site.',              '2025-03-15'),
(106, 100,'Document',         'Temple trust CCTV and ornament inventory log discrepancy.',             '2025-03-18'),
(107, 101,'CCTV Footage',     'ATM exterior CCTV; suspect motorcycle registration traced.',            '2025-03-21'),
(108, 102,'Medical Report',   'Driver injuries: fractured nose; police witness statement.',            '2025-03-24'),
(109, 103,'Forensic Report',  'Pharmaceutical inventory loss confirmed by CCTV and audit.',            '2025-03-27'),
(110, 104,'Document',         'Fraudulent invoices; duplicate shipment records.',                      '2025-03-30'),
(111, 106,'Digital Evidence', 'Victim WhatsApp message screenshots and bank transfer records.',        '2025-04-05'),
(112, 108,'Physical Sample',  'Drug cache found in hollow vegetable crates; 15 kg seized.',           '2025-04-11'),
(113, 109,'Forensic Report',  'Temple inventory loss: 8 gold items worth ₹12 lakhs.',                 '2025-04-14'),
(114, 110,'CCTV Footage',     'Cash van robbery CCTV; getaway bike captured.',                         '2025-04-17'),
(115, 110,'Witness Statement','Two street vendors identified suspects by description.',                '2025-04-18'),
(116, 111,'Medical Report',   'Multiple victims: fractures and lacerations in crowd assault.',         '2025-04-20'),
(117, 112,'CCTV Footage',     'Museum interior CCTV; suspect in guard uniform foiled by alarm.',      '2025-04-23'),
(118, 113,'Digital Evidence', 'Fraudulent stock trading logs; offshore account transfers traced.',    '2025-04-27'),
(119, 115,'Witness Statement','Campus guard confirms van matching description near gate.',             '2025-05-01'),
(120, 115,'Digital Evidence', 'Ransom call traced via IMSI catcher to suspect phone.',                '2025-05-02'),
(121, 116,'Digital Evidence', 'Email headers, wire transfer records; ₹1.2 crore routed overseas.',   '2025-05-06'),
(122, 118,'Medical Report',   'Victim hospitalised; burns and bruising from dowry violence.',          '2025-05-11'),
(123, 119,'Physical Sample',  '25 kg cocaine; high-purity; international packaging.',                 '2025-05-14'),
(124, 119,'Digital Evidence', 'Supply network messages recovered from seized phone.',                 '2025-05-15'),
(125, 120,'CCTV Footage',     'Tourist area CCTV captures gang of six operating in relay.',            '2025-05-17'),
-- Extra evidence for high-profile cases
(126, 7,  'Digital Evidence', 'Victim phone location data pinpointed to alley at 22:55.',             '2024-03-10'),
(127, 9,  'Document',         'Bank memo detailing scope of data breach; 500+ accounts affected.',    '2024-03-25'),
(128, 11, 'CCTV Footage',     'Highway CCTV shows truck stopping at 03:30 for package handover.',     '2024-04-12'),
(129, 13, 'Witness Statement','Sub-registrar staff confirm fraudulent document submission.',           '2024-05-05'),
(130, 17, 'Document',         'IT company backup logs pre- and post-ransomware infection.',           '2024-06-11'),
(131, 27, 'Witness Statement','Ghat caretaker saw altercation near river steps at midnight.',          '2024-08-06'),
(132, 37, 'Witness Statement','Neighbour heard argument and screaming night before discovery.',       '2024-09-05'),
(133, 54, 'Digital Evidence', 'Fake investment website server seized; 200 victim records.',           '2024-10-27'),
(134, 57, 'Witness Statement','Building security guard heard shots at 22:42; CCTV blind spot.',       '2024-11-05'),
(135, 67, 'CCTV Footage',     'Hotel lobby CCTV; victim last seen with two unidentified persons.',    '2024-12-05'),
(136, 76, 'Document',         'Exfiltration manifest: 50,000 employee records stolen.',               '2025-01-05'),
(137, 77, 'Forensic Report',  'Autopsy: death by drowning; external bruising suggests foul play.',    '2025-01-08'),
(138, 89, 'CCTV Footage',     'Courier hub CCTV shows suspicious packages flagged by X-ray.',         '2025-02-12'),
(139, 91, 'CCTV Footage',     'Bank exterior CCTV; two suspects photographed clearly.',               '2025-02-18'),
(140, 94, 'Digital Evidence', 'Fake job portal payment gateway logs; 50 victims identified.',        '2025-02-27'),
(141, 97, 'Forensic Report',  'Body showed no water in lungs; death preceded lake submersion.',       '2025-03-09'),
(142, 100,'Witness Statement','Night priest confirms no authorised access before theft found.',        '2025-03-17'),
(143, 104,'Witness Statement','Textile mill supervisor reports discrepancies in delivery records.',    '2025-03-29'),
(144, 107,'Forensic Report',  'Victim estimated time of death between 21:00 and 23:00.',              '2025-04-07'),
(145, 110,'Forensic Report',  'Cash bag dye pack activated; suspect vehicle stained red.',            '2025-04-16'),
(146, 113,'Document',         'Printed trading confirmations with forged broker signatures.',          '2025-04-25'),
(147, 116,'Document',         'Forged vendor registration documents used in BEC attack.',             '2025-05-04'),
(148, 117,'Forensic Report',  'Victim TOD between 22:00 and 23:30; no forced entry noted.',           '2025-05-08'),
(149, 119,'CCTV Footage',     'Warehouse CCTV shows delivery of suspicious crates at night.',          '2025-05-13'),
(150, 120,'Witness Statement','Hotel receptionist identifies two members of snatching gang.',          '2025-05-16');

-- ============================================================
-- 9. COURT_CASE  (80 rows)
-- ============================================================
INSERT INTO Court_Case (court_case_id, case_id, court_name, verdict, hearing_date) VALUES
(1,   1,   'Delhi District Court',                    'Guilty',          '2024-04-15'),
(2,   2,   'Delhi District Court',                    'Guilty',          '2024-04-22'),
(3,   3,   'Mumbai Sessions Court',                   'Acquitted',       '2024-06-10'),
(4,   5,   'Bengaluru City Civil Court',               'Guilty',          '2024-06-25'),
(5,   6,   'Bengaluru Sessions Court',                 'Guilty',          '2024-07-08'),
(6,   7,   'Kolkata High Court',                      'Pending',         '2024-08-01'),
(7,   8,   'Kolkata District Court',                  'Guilty',          '2024-06-05'),
(8,   9,   'Chennai Cyber Crime Court',               'Pending',         '2024-09-15'),
(9,   10,  'Chennai Family Court',                    'Guilty',          '2024-08-20'),
(10,  11,  'Lucknow Sessions Court',                  'Pending',         '2024-10-01'),
(11,  13,  'Hyderabad District Court',                'Pending',         '2024-10-10'),
(12,  14,  'Hyderabad Metropolitan Court',            'Guilty',          '2024-09-05'),
(13,  15,  'Chandigarh Sessions Court',               'Guilty',          '2024-10-20'),
(14,  19,  'Chennai Special Court (NDPS)',            'Guilty',          '2024-11-05'),
(15,  20,  'Lucknow District Court',                  'Dismissed',       '2024-10-15'),
(16,  21,  'Pune Sessions Court',                     'Guilty',          '2024-11-10'),
(17,  22,  'Pune District Court',                     'Guilty',          '2024-10-30'),
(18,  23,  'Ahmedabad Sessions Court',                'Guilty',          '2024-11-20'),
(19,  24,  'Ahmedabad Cyber Crime Court',             'Pending',         '2025-01-10'),
(20,  28,  'Nagpur Family Court',                     'Guilty',          '2024-11-01'),
(21,  29,  'Kochi NDPS Court',                        'Guilty',          '2024-11-15'),
(22,  30,  'Indore District Court',                   'Guilty',          '2024-10-25'),
(23,  31,  'Surat Sessions Court',                    'Guilty',          '2024-11-25'),
(24,  32,  'Visakhapatnam District Court',            'Guilty',          '2024-11-10'),
(25,  33,  'Coimbatore Sessions Court',               'Guilty',          '2024-12-01'),
(26,  36,  'Jaipur Sessions Court',                   'Guilty',          '2024-12-15'),
(27,  39,  'Nagpur NDPS Court',                       'Guilty',          '2024-12-20'),
(28,  40,  'Kochi District Court',                    'Guilty',          '2024-12-05'),
(29,  41,  'Indore Sessions Court',                   'Guilty',          '2024-12-10'),
(30,  43,  'Visakhapatnam Sessions Court',            'Guilty',          '2024-12-20'),
(31,  46,  'Mumbai Sessions Court',                   'Guilty',          '2025-01-15'),
(32,  48,  'Kolkata Family Court',                    'Guilty',          '2025-01-20'),
(33,  49,  'Chandigarh NDPS Court',                   'Guilty',          '2025-01-25'),
(34,  50,  'Hyderabad Metropolitan Court',            'Dismissed',       '2025-01-05'),
(35,  51,  'Delhi Sessions Court',                    'Guilty',          '2025-02-01'),
(36,  52,  'Mumbai District Court',                   'Guilty',          '2025-01-28'),
(37,  53,  'Bengaluru Sessions Court',                'Guilty',          '2025-02-10'),
(38,  55,  'Chennai Metropolitan Court',              'Acquitted',       '2025-02-15'),
(39,  56,  'Lucknow High Court',                      'Guilty',          '2025-02-20'),
(40,  58,  'Chandigarh Family Court',                 'Guilty',          '2025-02-18'),
(41,  59,  'Pune NDPS Court',                         'Guilty',          '2025-02-25'),
(42,  60,  'Ahmedabad Metropolitan Court',            'Guilty',          '2025-02-28'),
(43,  61,  'Jaipur District Court',                   'Guilty',          '2025-03-01'),
(44,  63,  'Patna Sessions Court',                    'Guilty',          '2025-03-10'),
(45,  65,  'Kochi District Court',                    'Dismissed',       '2025-02-28'),
(46,  66,  'Indore District Court',                   'Guilty',          '2025-03-15'),
(47,  68,  'Visakhapatnam Family Court',              'Guilty',          '2025-03-05'),
(48,  69,  'Coimbatore NDPS Court',                   'Guilty',          '2025-03-20'),
(49,  70,  'Delhi Metropolitan Court',                'Guilty',          '2025-03-15'),
(50,  71,  'Mumbai Sessions Court',                   'Guilty',          '2025-03-25'),
(51,  73,  'Kolkata District Court',                  'Guilty',          '2025-03-28'),
(52,  78,  'Pune Family Court',                       'Guilty',          '2025-03-22'),
(53,  79,  'Ahmedabad NDPS Court',                    'Guilty',          '2025-04-01'),
(54,  80,  'Jaipur Metropolitan Court',               'Guilty',          '2025-04-05'),
(55,  81,  'Bhopal Sessions Court',                   'Guilty',          '2025-04-10'),
(56,  82,  'Patna District Court',                    'Guilty',          '2025-04-08'),
(57,  83,  'Nagpur District Court',                   'Guilty',          '2025-04-15'),
(58,  86,  'Surat Sessions Court',                    'Guilty',          '2025-04-20'),
(59,  88,  'Coimbatore Family Court',                 'Guilty',          '2025-04-18'),
(60,  90,  'Mumbai District Court',                   'Guilty',          '2025-04-22'),
(61,  93,  'Chennai Sessions Court',                  'Guilty',          '2025-04-25'),
(62,  95,  'Hyderabad Metropolitan Court',            'Acquitted',       '2025-04-28'),
(63,  96,  'Chandigarh High Court',                   'Guilty',          '2025-05-01'),
(64,  98,  'Ahmedabad Family Court',                  'Guilty',          '2025-05-05'),
(65,  99,  'Bhopal NDPS Court',                       'Guilty',          '2025-05-08'),
(66,  101, 'Nagpur Sessions Court',                   'Guilty',          '2025-05-10'),
(67,  102, 'Kochi Metropolitan Court',                'Guilty',          '2025-05-12'),
(68,  103, 'Indore District Court',                   'Guilty',          '2025-05-15'),
(69,  108, 'Mumbai NDPS Court',                       'Guilty',          '2025-05-18'),
(70,  109, 'Bengaluru Sessions Court',                'Pending',         '2025-05-20'),
(71,  111, 'Chennai District Court',                  'Pending',         '2025-05-22'),
(72,  112, 'Lucknow District Court',                  'Dismissed',       '2025-05-15'),
(73,  115, 'Pune High Court',                         'Pending',         '2025-05-25'),
(74,  118, 'Bhopal Family Court',                     'Guilty',          '2025-05-28'),
(75,  120, 'Kochi Sessions Court',                    'Pending',         '2025-05-30'),
(76,  4,   'Mumbai Cyber Crime Court',                'Pending',         '2025-02-10'),
(77,  17,  'Mumbai Cyber Crime Court',                'Pending',         '2025-03-15'),
(78,  57,  'Hyderabad High Court',                    'Pending',         '2025-04-01'),
(79,  37,  'Bhopal High Court',                       'Pending',         '2025-03-20'),
(80,  27,  'Patna High Court',                        'Pending',         '2025-02-15');

-- ============================================================
-- 10. CRIME_PERSON  (177 rows)
-- ============================================================
INSERT INTO Crime_Person (crime_id, person_id, role) VALUES
(1,  1,  'Victim'),
(1,  11, 'Suspect'),
(2,  2,  'Victim'),
(2,  13, 'Suspect'),
(3,  3,  'Victim'),
(3,  11, 'Suspect'),
(4,  7,  'Victim'),
(4,  19, 'Suspect'),
(5,  4,  'Victim'),
(5,  17, 'Suspect'),
(6,  5,  'Victim'),
(6,  13, 'Suspect'),
(7,  16, 'Witness'),
(7,  15, 'Victim'),
(8,  15, 'Victim'),
(8,  17, 'Suspect'),
(9,  14, 'Victim'),
(9,  19, 'Suspect'),
(10, 6,  'Witness'),
(10, 20, 'Victim'),
(11, 19, 'Witness'),
(12, 17, 'Victim'),
(13, 9,  'Victim'),
(14, 8,  'Victim'),
(19, 20, 'Witness'),
(20, 13, 'Victim'),
-- New crime_person entries
(21, 21, 'Victim'),
(21, 33, 'Suspect'),
(22, 22, 'Victim'),
(22, 37, 'Suspect'),
(23, 23, 'Victim'),
(23, 67, 'Suspect'),
(24, 24, 'Victim'),
(24, 73, 'Suspect'),
(25, 25, 'Victim'),
(25, 43, 'Suspect'),
(26, 26, 'Victim'),
(26, 29, 'Suspect'),
(27, 27, 'Victim'),
(27, 41, 'Suspect'),
(28, 28, 'Victim'),
(28, 43, 'Suspect'),
(29, 29, 'Witness'),
(29, 47, 'Suspect'),
(30, 30, 'Victim'),
(30, 53, 'Suspect'),
(31, 31, 'Victim'),
(31, 67, 'Suspect'),
(32, 32, 'Witness'),
(32, 27, 'Victim'),
(33, 33, 'Victim'),
(33, 45, 'Suspect'),
(34, 34, 'Victim'),
(34, 63, 'Suspect'),
(35, 35, 'Victim'),
(36, 36, 'Victim'),
(36, 71, 'Suspect'),
(37, 37, 'Witness'),
(37, 43, 'Suspect'),
(38, 38, 'Victim'),
(38, 57, 'Suspect'),
(39, 39, 'Witness'),
(39, 61, 'Suspect'),
(40, 40, 'Victim'),
(40, 69, 'Suspect'),
(41, 41, 'Victim'),
(41, 73, 'Suspect'),
(42, 42, 'Witness'),
(42, 47, 'Suspect'),
(43, 43, 'Victim'),
(43, 55, 'Suspect'),
(44, 44, 'Victim'),
(44, 65, 'Suspect'),
(45, 45, 'Victim'),
(46, 46, 'Victim'),
(46, 37, 'Suspect'),
(47, 47, 'Victim'),
(47, 29, 'Suspect'),
(48, 48, 'Victim'),
(48, 63, 'Suspect'),
(49, 49, 'Witness'),
(49, 75, 'Suspect'),
(50, 50, 'Victim'),
(50, 35, 'Suspect'),
(51, 51, 'Victim'),
(51, 79, 'Suspect'),
(52, 52, 'Victim'),
(52, 71, 'Suspect'),
(53, 53, 'Victim'),
(53, 33, 'Suspect'),
(54, 54, 'Victim'),
(54, 63, 'Suspect'),
(55, 55, 'Victim'),
(55, 43, 'Suspect'),
(56, 56, 'Victim'),
(56, 77, 'Suspect'),
(57, 57, 'Victim'),
(57, 65, 'Suspect'),
(58, 58, 'Victim'),
(59, 59, 'Witness'),
(59, 61, 'Suspect'),
(60, 60, 'Witness'),
(60, 67, 'Suspect'),
(61, 61, 'Victim'),
(61, 73, 'Suspect'),
(62, 62, 'Witness'),
(62, 69, 'Suspect'),
(63, 63, 'Victim'),
(63, 79, 'Suspect'),
(64, 64, 'Victim'),
(64, 55, 'Suspect'),
(65, 65, 'Victim'),
(66, 66, 'Witness'),
(66, 71, 'Suspect'),
(67, 67, 'Victim'),
(67, 47, 'Suspect'),
(68, 68, 'Victim'),
(69, 69, 'Witness'),
(69, 75, 'Suspect'),
(70, 70, 'Victim'),
(70, 37, 'Suspect'),
(71, 71, 'Victim'),
(71, 33, 'Suspect'),
(72, 72, 'Witness'),
(72, 41, 'Suspect'),
(73, 73, 'Victim'),
(73, 57, 'Suspect'),
(74, 74, 'Victim'),
(74, 77, 'Suspect'),
(75, 75, 'Witness'),
(75, 43, 'Suspect'),
(76, 76, 'Victim'),
(76, 65, 'Suspect'),
(78, 78, 'Victim'),
(79, 79, 'Witness'),
(80, 80, 'Victim'),
(81, 1,  'Victim'),
(82, 2,  'Victim'),
(83, 3,  'Victim'),
(84, 4,  'Victim'),
(85, 5,  'Victim'),
(86, 6,  'Victim'),
(86, 29, 'Suspect'),
(87, 7,  'Victim'),
(88, 8,  'Victim'),
(89, 9,  'Witness'),
(90, 10, 'Victim'),
(91, 11, 'Victim'),
(92, 12, 'Witness'),
(93, 13, 'Victim'),
(94, 14, 'Victim'),
(95, 15, 'Victim'),
(96, 16, 'Victim'),
(97, 17, 'Witness'),
(98, 18, 'Victim'),
(99, 19, 'Witness'),
(100,20, 'Victim'),
(101,21, 'Victim'),
(102,22, 'Victim'),
(103,23, 'Victim'),
(104,24, 'Victim'),
(105,25, 'Witness'),
(106,26, 'Victim'),
(107,27, 'Witness'),
(108,28, 'Witness'),
(109,29, 'Victim'),
(110,30, 'Witness'),
(111,31, 'Victim'),
(112,32, 'Victim'),
(113,33, 'Victim'),
(114,34, 'Witness'),
(115,35, 'Victim'),
(116,36, 'Victim'),
(117,37, 'Witness'),
(118,38, 'Victim'),
(119,39, 'Witness'),
(120,40, 'Victim');

-- ============================================================
-- 11. CASE_OFFICER  (160 rows)
-- ============================================================
INSERT INTO Case_Officer (case_id, officer_id) VALUES
(1,  1),  (1,  2),
(2,  1),  (2,  2),
(3,  7),  (3,  8),
(4,  7),  (4,  8),
(5,  13), (5,  14),
(6,  13), (6,  14),
(7,  19), (7,  20),
(8,  19), (8,  20),
(9,  23), (9,  24),
(10, 27), (10, 28),
(11, 29), (11, 30),
(12, 3),  (12, 4),
(13, 31), (13, 32),
(14, 31), (14, 34),
(15, 35), (15, 36),
(16, 5),  (16, 6),
(17, 9),  (17, 10),
(18, 15), (18, 16),
(19, 25), (19, 26),
(20, 27), (20, 28),
(21, 37), (21, 38),
(22, 37), (22, 38),
(23, 39), (23, 40),
(24, 39), (24, 40),
(25, 41), (25, 42),
(26, 43), (26, 44),
(27, 45), (27, 46),
(28, 49), (28, 50),
(29, 47), (29, 48),
(30, 43), (30, 44),
(31, 39), (31, 40),
(32, 49), (32, 50),
(33, 23), (33, 24),
(34, 37), (34, 38),
(35, 39), (35, 40),
(36, 41), (36, 42),
(37, 43), (37, 44),
(38, 45), (38, 46),
(39, 49), (39, 50),
(40, 47), (40, 48),
(41, 43), (41, 44),
(42, 39), (42, 40),
(43, 49), (43, 50),
(44, 23), (44, 24),
(45, 5),  (45, 6),
(46, 11), (46, 12),
(47, 15), (47, 16),
(48, 21), (48, 22),
(49, 35), (49, 36),
(50, 33), (50, 34),
(51, 1),  (51, 2),
(52, 7),  (52, 8),
(53, 13), (53, 14),
(54, 19), (54, 20),
(55, 23), (55, 24),
(56, 27), (56, 28),
(57, 31), (57, 32),
(58, 35), (58, 36),
(59, 37), (59, 38),
(60, 39), (60, 40),
(61, 41), (61, 42),
(62, 43), (62, 44),
(63, 45), (63, 46),
(64, 49), (64, 50),
(65, 47), (65, 48),
(66, 43), (66, 44),
(67, 39), (67, 40),
(68, 49), (68, 50),
(69, 23), (69, 24),
(70, 1),  (70, 2),
(71, 7),  (71, 8),
(72, 13), (72, 14),
(73, 21), (73, 22),
(74, 23), (74, 24),
(75, 27), (75, 28),
(76, 31), (76, 32),
(77, 35), (77, 36),
(78, 37), (78, 38),
(79, 39), (79, 40),
(80, 41), (80, 42);

-- ============================================================
-- 12. AUDIT_LOG  (20 rows)
-- ============================================================
INSERT INTO Audit_Log (log_id, table_name, record_id, action, changed_by, changed_at, old_values, new_values) VALUES
(1,  'Crime',      1,  'INSERT', 'seed', '2024-01-05 22:45:00', NULL, JSON_OBJECT('crime_id', 1, 'status', 'Open')),
(2,  'Case_File',  1,  'INSERT', 'seed', '2024-01-06 09:10:00', NULL, JSON_OBJECT('case_id', 1, 'case_status', 'Open')),
(3,  'Evidence',   1,  'INSERT', 'seed', '2024-01-06 11:25:00', NULL, JSON_OBJECT('evidence_id', 1, 'evidence_type', 'CCTV Footage')),
(4,  'Crime',      1,  'UPDATE', 'seed', '2024-03-10 16:30:00', JSON_OBJECT('status', 'Open'), JSON_OBJECT('status', 'Closed')),
(5,  'Case_File',  1,  'UPDATE', 'seed', '2024-03-10 17:15:00', JSON_OBJECT('case_status', 'Open'), JSON_OBJECT('case_status', 'Closed')),
(6,  'FIR',        6,  'INSERT', 'seed', '2024-02-14 14:20:00', NULL, JSON_OBJECT('fir_id', 6, 'crime_id', 6)),
(7,  'Evidence',   12, 'INSERT', 'seed', '2024-02-17 10:40:00', NULL, JSON_OBJECT('evidence_id', 12, 'evidence_type', 'Witness Statement')),
(8,  'Court_Case', 8,  'INSERT', 'seed', '2024-09-15 12:00:00', NULL, JSON_OBJECT('court_case_id', 8, 'verdict', 'Pending')),
(9,  'Crime',      24, 'INSERT', 'seed', '2024-07-20 19:10:00', NULL, JSON_OBJECT('crime_id', 24, 'crime_type', 'Cybercrime')),
(10, 'Case_File',  24, 'UPDATE', 'seed', '2025-01-10 13:35:00', JSON_OBJECT('case_status', 'Open'), JSON_OBJECT('case_status', 'Under Investigation')),
(11, 'Evidence',   54, 'INSERT', 'seed', '2024-10-27 15:45:00', NULL, JSON_OBJECT('evidence_id', 54, 'evidence_type', 'Digital Evidence')),
(12, 'FIR',        57, 'INSERT', 'seed', '2024-11-04 23:05:00', NULL, JSON_OBJECT('fir_id', 57, 'crime_id', 57)),
(13, 'Crime',      76, 'INSERT', 'seed', '2025-01-04 10:00:00', NULL, JSON_OBJECT('crime_id', 76, 'crime_type', 'Cybercrime')),
(14, 'Evidence',   94, 'INSERT', 'seed', '2025-02-15 11:00:00', NULL, JSON_OBJECT('evidence_id', 94, 'evidence_type', 'CCTV Footage')),
(15, 'Court_Case', 61, 'UPDATE', 'seed', '2025-04-25 16:00:00', JSON_OBJECT('verdict', 'Pending'), JSON_OBJECT('verdict', 'Guilty')),
(16, 'Crime',      96, 'INSERT', 'seed', '2025-03-05 15:20:00', NULL, JSON_OBJECT('crime_id', 96, 'crime_type', 'Kidnapping')),
(17, 'Evidence',   120,'INSERT', 'seed', '2025-05-02 18:35:00', NULL, JSON_OBJECT('evidence_id', 120, 'evidence_type', 'Digital Evidence')),
(18, 'Case_File',  115,'UPDATE', 'seed', '2025-05-25 10:30:00', JSON_OBJECT('case_status', 'Open'), JSON_OBJECT('case_status', 'Under Investigation')),
(19, 'Court_Case', 75, 'INSERT', 'seed', '2025-05-30 09:45:00', NULL, JSON_OBJECT('court_case_id', 75, 'verdict', 'Pending')),
(20, 'Crime',      120,'INSERT', 'seed', '2025-05-16 21:30:00', NULL, JSON_OBJECT('crime_id', 120, 'crime_type', 'Theft'));

-- ============================================================
-- 13. RECREATE RUNTIME TRIGGER
-- ============================================================

DELIMITER //
CREATE TRIGGER after_crime_insert
    AFTER INSERT ON Crime
    FOR EACH ROW
    BEGIN
        DECLARE default_officer_id INT;

        SET default_officer_id = (
            SELECT officer_id
            FROM Police_Officer
            ORDER BY officer_id
            LIMIT 1
        );

        INSERT INTO Case_File (crime_id, lead_officer_id, case_status, start_date)
        VALUES (NEW.crime_id, default_officer_id, 'Open', CURDATE());
    END //
DELIMITER ;

-- ============================================================
--  END OF EXPANDED DATASET
-- ============================================================
